player_name,recent_team,pos,g,p_att,cmp,p_yd,p_td,int,car,r_yd,r_td,tgt,rec,rec_yd,rec_td,fmb,tp_c,f_ppr,tgt_share,ypc,ypr,cmp_pct,td_rate
C.Tune,ARI,QB,5,2.0,2.0,8.0,0.0,0.0,7.0,-4.0,0.0,0.0,0.0,0.0,0.0,1.0,0.0,-2.08,0.0,-0.5714285714285714,,1.0,0.0
K.Murray,ARI,QB,17,541.0,372.0,3851.0,21.0,11.0,78.0,572.0,5.0,0.0,0.0,0.0,0.0,4.0,1.0,297.24,0.0,7.333333333333333,,0.6876155268022182,0.038817005545286505
D.Dallas,ARI,RB,7,0.0,0.0,0.0,0.0,0.0,9.0,49.0,0.0,3.0,3.0,11.0,1.0,0.0,0.0,21.0,,5.444444444444445,3.6666666666666665,,
E.Demercado,ARI,RB,13,0.0,0.0,0.0,0.0,0.0,24.0,223.0,1.0,20.0,16.0,104.0,0.0,0.0,0.0,54.7,,9.291666666666666,6.5,,
J.Conner,ARI,RB,16,0.0,0.0,0.0,0.0,0.0,236.0,1094.0,8.0,55.0,47.0,414.0,1.0,0.0,2.0,253.8,,4.635593220338983,8.808510638297872,,
M.Carter,ARI,RB,3,0.0,0.0,0.0,0.0,0.0,35.0,131.0,1.0,11.0,11.0,57.0,0.0,0.0,0.0,35.8,,3.742857142857143,5.181818181818182,,
T.Benson,ARI,RB,12,0.0,0.0,0.0,0.0,0.0,63.0,291.0,1.0,6.0,6.0,59.0,0.0,0.0,0.0,47.0,,4.619047619047619,9.833333333333334,,
T.Jones,ARI,RB,1,0.0,0.0,0.0,0.0,0.0,4.0,55.0,1.0,0.0,0.0,0.0,0.0,0.0,0.0,11.5,,13.75,,,
E.Higgins,ARI,TE,14,0.0,0.0,0.0,0.0,0.0,0.0,0.0,0.0,24.0,20.0,172.0,2.0,0.0,0.0,49.2,,,8.6,,
T.McBride,ARI,TE,16,0.0,0.0,0.0,0.0,0.0,1.0,2.0,1.0,147.0,111.0,1146.0,2.0,0.0,0.0,243.8,,2.0,10.324324324324325,,
T.Reiman,ARI,TE,5,0.0,0.0,0.0,0.0,0.0,0.0,0.0,0.0,7.0,6.0,37.0,0.0,0.0,0.0,9.7,,,6.166666666666667,,
G.Dortch,ARI,WR,17,0.0,0.0,0.0,0.0,0.0,5.0,31.0,0.0,50.0,37.0,342.0,3.0,0.0,0.0,90.3,,6.2,9.243243243243244,,
M.Harrison,ARI,WR,17,0.0,0.0,0.0,0.0,0.0,0.0,0.0,0.0,116.0,62.0,885.0,8.0,0.0,0.0,196.5,,,14.274193548387096,,
M.Wilson,ARI,WR,16,0.0,0.0,0.0,0.0,0.0,1.0,7.0,0.0,71.0,47.0,548.0,4.0,0.0,0.0,124.5,,7.0,11.659574468085106,,
X.Weaver,ARI,WR,2,0.0,0.0,0.0,0.0,0.0,0.0,0.0,0.0,2.0,0.0,0.0,0.0,0.0,0.0,0.0,,,,,
Z.Jones,ARI,WR,6,0.0,0.0,0.0,0.0,0.0,0.0,0.0,0.0,11.0,8.0,84.0,0.0,0.0,0.0,16.4,,,10.5,,
K.Cousins,ATL,QB,14,453.0,303.0,3508.0,18.0,16.0,23.0,0.0,0.0,0.0,0.0,0.0,0.0,2.0,0.0,176.32,0.0,0.0,,0.6688741721854304,0.039735099337748346
M.Penix,ATL,QB,5,105.0,61.0,775.0,3.0,3.0,7.0,11.0,1.0,0.0,0.0,0.0,0.0,0.0,0.0,44.1,0.0,1.5714285714285714,,0.580952380952381,0.02857142857142857
B.Robinson,ATL,RB,17,0.0,0.0,0.0,0.0,0.0,304.0,1456.0,14.0,72.0,61.0,431.0,1.0,0.0,1.0,341.7,,4.7894736842105265,7.065573770491803,,
J.McClellan,ATL,RB,2,0.0,0.0,0.0,0.0,0.0,13.0,32.0,0.0,0.0,0.0,0.0,0.0,0.0,0.0,3.2,,2.4615384615384617,,,
T.Allgeier,ATL,RB,17,0.0,0.0,0.0,0.0,0.0,137.0,644.0,3.0,13.0,13.0,88.0,0.0,0.0,1.0,106.2,,4.700729927007299,6.769230769230769,,
C.Woerner,ATL,TE,8,0.0,0.0,0.0,0.0,0.0,0.0,0.0,0.0,12.0,7.0,46.0,0.0,0.0,0.0,11.6,,,6.571428571428571,,
K.Pitts,ATL,TE,17,0.0,0.0,0.0,0.0,0.0,0.0,0.0,0.0,74.0,47.0,602.0,4.0,0.0,0.0,131.2,,,12.808510638297872,,
R.Dwelley,ATL,TE,1,0.0,0.0,0.0,0.0,0.0,0.0,0.0,0.0,1.0,1.0,5.0,0.0,0.0,0.0,1.5,,,5.0,,
C.Blair,ATL,WR,2,0.0,0.0,0.0,0.0,0.0,0.0,0.0,0.0,2.0,1.0,17.0,0.0,0.0,0.0,2.7,,,17.0,,
C.Washington,ATL,WR,2,0.0,0.0,0.0,0.0,0.0,0.0,0.0,0.0,2.0,1.0,14.0,0.0,0.0,0.0,2.4,,,14.0,,
D.London,ATL,WR,17,0.0,0.0,0.0,0.0,0.0,1.0,-3.0,0.0,158.0,100.0,1271.0,9.0,0.0,0.0,280.8,,-3.0,12.71,,
D.Mooney,ATL,WR,16,1.0,0.0,0.0,0.0,0.0,0.0,0.0,0.0,106.0,64.0,992.0,5.0,0.0,0.0,193.2,106.0,,15.5,0.0,0.0
K.Hodge,ATL,WR,6,0.0,0.0,0.0,0.0,0.0,0.0,0.0,0.0,12.0,7.0,131.0,1.0,0.0,0.0,32.1,,,18.714285714285715,,
R.McCloud,ATL,WR,17,0.0,0.0,0.0,0.0,0.0,10.0,79.0,0.0,87.0,62.0,686.0,1.0,0.0,0.0,142.5,,7.9,11.064516129032258,,
P.Ricard,BAL,FB,5,0.0,0.0,0.0,0.0,0.0,0.0,0.0,0.0,5.0,3.0,22.0,1.0,0.0,0.0,11.2,,,7.333333333333333,,
J.Johnson,BAL,QB,4,3.0,2.0,17.0,0.0,0.0,4.0,1.0,0.0,0.0,0.0,0.0,0.0,0.0,0.0,0.78,0.0,0.25,,0.6666666666666666,0.0
L.Jackson,BAL,QB,17,474.0,316.0,4172.0,41.0,4.0,139.0,915.0,4.0,0.0,0.0,0.0,0.0,5.0,1.0,430.38,0.0,6.58273381294964,,0.6666666666666666,0.08649789029535865
D.Henry,BAL,RB,17,0.0,0.0,0.0,0.0,0.0,325.0,1921.0,16.0,22.0,19.0,193.0,2.0,1.0,0.0,336.4,,5.9107692307692306,10.157894736842104,,
J.Hill,BAL,RB,15,0.0,0.0,0.0,0.0,0.0,47.0,228.0,1.0,51.0,42.0,383.0,3.0,0.0,0.0,127.10000000000001,,4.851063829787234,9.119047619047619,,
K.Mitchell,BAL,RB,2,0.0,0.0,0.0,0.0,0.0,15.0,30.0,0.0,1.0,1.0,28.0,0.0,0.0,0.0,6.8,,2.0,28.0,,
R.Ali,BAL,RB,4,0.0,0.0,0.0,0.0,0.0,10.0,31.0,0.0,2.0,0.0,0.0,0.0,0.0,0.0,3.1,,3.1,,,
C.Kolar,BAL,TE,7,0.0,0.0,0.0,0.0,0.0,1.0,2.0,0.0,11.0,9.0,131.0,1.0,0.0,0.0,28.3,,2.0,14.555555555555555,,
I.Likely,BAL,TE,15,0.0,0.0,0.0,0.0,0.0,0.0,0.0,0.0,58.0,42.0,477.0,6.0,0.0,0.0,123.7,,,11.357142857142858,,
M.Andrews,BAL,TE,17,0.0,0.0,0.0,0.0,0.0,4.0,5.0,0.0,69.0,55.0,673.0,11.0,0.0,0.0,188.8,,1.25,12.236363636363636,,
A.Miller,BAL,WR,1,0.0,0.0,0.0,0.0,0.0,0.0,0.0,0.0,1.0,1.0,16.0,0.0,0.0,0.0,2.6,,,16.0,,
D.Johnson,BAL,WR,3,0.0,0.0,0.0,0.0,0.0,0.0,0.0,0.0,5.0,1.0,6.0,0.0,0.0,0.0,1.6,,,6.0,,
D.Walker,BAL,WR,2,0.0,0.0,0.0,0.0,0.0,0.0,0.0,0.0,3.0,1.0,21.0,1.0,0.0,0.0,9.1,,,21.0,,
N.Agholor,BAL,WR,13,0.0,0.0,0.0,0.0,0.0,0.0,0.0,0.0,29.0,14.0,231.0,2.0,0.0,0.0,49.1,,,16.5,,
R.Bateman,BAL,WR,16,0.0,0.0,0.0,0.0,0.0,0.0,0.0,0.0,72.0,45.0,756.0,9.0,0.0,0.0,174.6,,,16.8,,
T.Wallace,BAL,WR,8,0.0,0.0,0.0,0.0,0.0,0.0,0.0,0.0,12.0,11.0,193.0,1.0,0.0,0.0,36.3,,,17.545454545454547,,
Z.Flowers,BAL,WR,17,0.0,0.0,0.0,0.0,0.0,9.0,56.0,0.0,116.0,74.0,1059.0,4.0,0.0,0.0,209.5,,6.222222222222222,14.31081081081081,,
R.Gilliam,BUF,FB,2,0.0,0.0,0.0,0.0,0.0,3.0,7.0,0.0,0.0,0.0,0.0,0.0,0.0,0.0,0.7,,2.3333333333333335,,,
J.Allen,BUF,QB,16,483.0,307.0,3731.0,28.0,6.0,102.0,531.0,12.0,0.0,0.0,0.0,0.0,2.0,1.0,372.34000000000003,0.0,5.205882352941177,,0.6356107660455487,0.057971014492753624
M.Trubisky,BUF,QB,8,26.0,19.0,179.0,2.0,0.0,17.0,1.0,0.0,0.0,0.0,0.0,0.0,0.0,0.0,15.26,0.0,0.058823529411764705,,0.7307692307692307,0.07692307692307693
M.White,BUF,QB,1,11.0,3.0,28.0,0.0,0.0,0.0,0.0,0.0,0.0,0.0,0.0,0.0,0.0,0.0,1.12,0.0,,,0.2727272727272727,0.0
J.Cook,BUF,RB,16,0.0,0.0,0.0,0.0,0.0,207.0,1009.0,16.0,38.0,32.0,258.0,2.0,0.0,0.0,266.7,,4.874396135265701,8.0625,,
R.Davis,BUF,RB,16,0.0,0.0,0.0,0.0,0.0,113.0,442.0,3.0,19.0,17.0,189.0,3.0,0.0,0.0,116.1,,3.911504424778761,11.117647058823529,,
T.Johnson,BUF,RB,17,0.0,0.0,0.0,0.0,0.0,41.0,213.0,1.0,25.0,18.0,284.0,3.0,0.0,0.0,91.7,,5.195121951219512,15.777777777777779,,
D.Kincaid,BUF,TE,13,0.0,0.0,0.0,0.0,0.0,0.0,0.0,0.0,75.0,44.0,448.0,2.0,0.0,0.0,100.8,,,10.181818181818182,,
D.Knox,BUF,TE,14,0.0,0.0,0.0,0.0,0.0,0.0,0.0,0.0,33.0,22.0,311.0,1.0,0.0,0.0,59.1,,,14.136363636363637,,
Q.Morris,BUF,TE,5,0.0,0.0,0.0,0.0,0.0,0.0,0.0,0.0,8.0,5.0,36.0,1.0,0.0,0.0,14.6,,,7.2,,
Z.Davidson,BUF,TE,2,0.0,0.0,0.0,0.0,0.0,0.0,0.0,0.0,2.0,1.0,5.0,0.0,0.0,0.0,1.5,,,5.0,,
A.Cooper,BUF,WR,7,0.0,0.0,0.0,0.0,0.0,0.0,0.0,0.0,32.0,20.0,297.0,2.0,0.0,0.0,61.7,,,14.85,,
C.Samuel,BUF,WR,14,0.0,0.0,0.0,0.0,0.0,5.0,14.0,0.0,46.0,31.0,253.0,1.0,0.0,0.0,63.7,,2.8,8.161290322580646,,
K.Coleman,BUF,WR,13,0.0,0.0,0.0,0.0,0.0,1.0,9.0,0.0,57.0,29.0,556.0,4.0,0.0,1.0,111.5,,9.0,19.17241379310345,,
K.Shakir,BUF,WR,15,0.0,0.0,0.0,0.0,0.0,2.0,4.0,0.0,100.0,76.0,821.0,4.0,0.0,0.0,182.5,,2.0,10.802631578947368,,
M.Hollins,BUF,WR,16,0.0,0.0,0.0,0.0,0.0,0.0,0.0,0.0,50.0,31.0,378.0,5.0,0.0,0.0,98.8,,,12.193548387096774,,
M.Valdes-Scantling,BUF,WR,5,0.0,0.0,0.0,0.0,0.0,0.0,0.0,0.0,9.0,2.0,26.0,0.0,0.0,0.0,4.6,,,13.0,,
T.Shavers,BUF,WR,1,0.0,0.0,0.0,0.0,0.0,0.0,0.0,0.0,1.0,1.0,69.0,1.0,0.0,0.0,13.9,,,69.0,,
A.Dalton,CAR,QB,6,160.0,106.0,989.0,7.0,6.0,11.0,34.0,0.0,0.0,0.0,0.0,0.0,0.0,0.0,58.96,0.0,3.090909090909091,,0.6625,0.04375
B.Young,CAR,QB,14,384.0,234.0,2403.0,15.0,9.0,43.0,249.0,6.0,0.0,0.0,0.0,0.0,2.0,0.0,195.02,0.0,5.790697674418604,,0.609375,0.0390625
C.Hubbard,CAR,RB,15,0.0,0.0,0.0,0.0,0.0,250.0,1195.0,10.0,54.0,43.0,171.0,1.0,1.0,1.0,241.6,,4.78,3.9767441860465116,,
J.Brooks,CAR,RB,3,0.0,0.0,0.0,0.0,0.0,9.0,22.0,0.0,3.0,3.0,23.0,0.0,0.0,0.0,7.5,,2.4444444444444446,7.666666666666667,,
M.Boone,CAR,RB,5,0.0,0.0,0.0,0.0,0.0,13.0,51.0,0.0,3.0,1.0,-2.0,0.0,0.0,0.0,5.9,,3.923076923076923,-2.0,,
M.Sanders,CAR,RB,11,0.0,0.0,0.0,0.0,0.0,55.0,205.0,2.0,30.0,24.0,148.0,1.0,0.0,0.0,77.3,,3.727272727272727,6.166666666666667,,
R.Blackshear,CAR,RB,3,0.0,0.0,0.0,0.0,0.0,15.0,80.0,0.0,0.0,0.0,0.0,0.0,0.0,0.0,8.0,,5.333333333333333,,,
V.Jones,CAR,RB,1,0.0,0.0,0.0,0.0,0.0,1.0,0.0,0.0,0.0,0.0,0.0,0.0,0.0,0.0,0.0,,0.0,,,
F.Franks,CAR,TE,3,0.0,0.0,0.0,0.0,0.0,0.0,0.0,0.0,3.0,1.0,12.0,0.0,0.0,0.0,2.2,,,12.0,,
I.Thomas,CAR,TE,3,0.0,0.0,0.0,0.0,0.0,0.0,0.0,0.0,6.0,3.0,7.0,0.0,0.0,0.0,3.7,,,2.3333333333333335,,
J.Matthews,CAR,TE,1,0.0,0.0,0.0,0.0,0.0,0.0,0.0,0.0,1.0,0.0,0.0,0.0,0.0,0.0,0.0,,,,,
J.Sanders,CAR,TE,15,0.0,0.0,0.0,0.0,0.0,0.0,0.0,0.0,43.0,33.0,342.0,1.0,0.0,0.0,73.2,,,10.363636363636363,,
S.Sullivan,CAR,TE,1,0.0,0.0,0.0,0.0,0.0,0.0,0.0,0.0,1.0,0.0,0.0,0.0,0.0,0.0,0.0,,,,,
T.Tremble,CAR,TE,10,0.0,0.0,0.0,0.0,0.0,0.0,0.0,0.0,32.0,23.0,234.0,2.0,0.0,0.0,56.4,,,10.173913043478262,,
A.Thielen,CAR,WR,10,0.0,0.0,0.0,0.0,0.0,0.0,0.0,0.0,62.0,48.0,615.0,5.0,0.0,0.0,139.5,,,12.8125,,
D.Chisena,CAR,WR,3,0.0,0.0,0.0,0.0,0.0,0.0,0.0,0.0,4.0,3.0,37.0,0.0,0.0,0.0,6.7,,,12.333333333333334,,
D.Johnson,CAR,WR,7,0.0,0.0,0.0,0.0,0.0,2.0,6.0,0.0,58.0,30.0,357.0,3.0,0.0,0.0,84.3,,3.0,11.9,,
D.Moore,CAR,WR,14,0.0,0.0,0.0,0.0,0.0,1.0,0.0,0.0,57.0,32.0,351.0,3.0,0.0,0.0,85.10000000000001,,0.0,10.96875,,
D.Thompkins,CAR,WR,4,0.0,0.0,0.0,0.0,0.0,2.0,7.0,0.0,4.0,4.0,20.0,0.0,0.0,0.0,6.7,,3.5,5.0,,
J.Coker,CAR,WR,11,1.0,1.0,19.0,0.0,0.0,0.0,0.0,0.0,46.0,32.0,478.0,2.0,0.0,0.0,92.56,46.0,,14.9375,1.0,0.0
J.Mingo,CAR,WR,8,0.0,0.0,0.0,0.0,0.0,2.0,5.0,0.0,26.0,12.0,121.0,0.0,1.0,0.0,22.6,,2.5,10.083333333333334,,
X.Legette,CAR,WR,15,0.0,0.0,0.0,0.0,0.0,6.0,24.0,0.0,84.0,49.0,497.0,4.0,0.0,0.0,125.10000000000001,,4.0,10.142857142857142,,
C.Williams,CHI,QB,17,562.0,351.0,3541.0,20.0,6.0,81.0,489.0,0.0,0.0,0.0,0.0,0.0,5.0,3.0,254.54,0.0,6.037037037037037,,0.6245551601423488,0.03558718861209965
T.Bagent,CHI,QB,4,2.0,2.0,11.0,0.0,0.0,6.0,-7.0,0.0,0.0,0.0,0.0,0.0,0.0,0.0,-0.26,0.0,-1.1666666666666667,,1.0,0.0
D.Evans,CHI,RB,1,0.0,0.0,0.0,0.0,0.0,3.0,3.0,0.0,0.0,0.0,0.0,0.0,0.0,0.0,0.3,,1.0,,,
D.Swift,CHI,RB,17,0.0,0.0,0.0,0.0,0.0,253.0,959.0,6.0,52.0,42.0,386.0,0.0,0.0,1.0,214.5,,3.7905138339920947,9.19047619047619,,
K.Herbert,CHI,RB,3,0.0,0.0,0.0,0.0,0.0,8.0,16.0,1.0,2.0,2.0,4.0,0.0,0.0,0.0,10.0,,2.0,2.0,,
R.Johnson,CHI,RB,12,0.0,0.0,0.0,0.0,0.0,55.0,150.0,6.0,20.0,16.0,104.0,0.0,0.0,0.0,77.39999999999999,,2.727272727272727,6.5,,
T.Homer,CHI,RB,4,0.0,0.0,0.0,0.0,0.0,6.0,23.0,0.0,3.0,3.0,11.0,0.0,0.0,0.0,6.3999999999999995,,3.8333333333333335,3.6666666666666665,,
V.Jones,CHI,RB,1,0.0,0.0,0.0,0.0,0.0,2.0,11.0,0.0,1.0,1.0,8.0,0.0,0.0,0.0,2.9,,5.5,8.0,,
C.Kmet,CHI,TE,14,0.0,0.0,0.0,0.0,0.0,0.0,0.0,0.0,55.0,47.0,474.0,4.0,0.0,1.0,120.4,,,10.085106382978724,,
G.Everett,CHI,TE,9,0.0,0.0,0.0,0.0,0.0,0.0,0.0,0.0,13.0,8.0,36.0,0.0,0.0,0.0,11.6,,,4.5,,
M.Lewis,CHI,TE,1,0.0,0.0,0.0,0.0,0.0,0.0,0.0,0.0,1.0,1.0,2.0,0.0,0.0,0.0,1.2,,,2.0,,
C.Johnson,CHI,WR,2,0.0,0.0,0.0,0.0,0.0,0.0,0.0,0.0,2.0,1.0,6.0,0.0,0.0,0.0,1.6,,,6.0,,
D.Carter,CHI,WR,5,0.0,0.0,0.0,0.0,0.0,0.0,0.0,0.0,14.0,9.0,72.0,0.0,0.0,0.0,16.2,,,8.0,,
D.Moore,CHI,WR,17,1.0,0.0,0.0,0.0,0.0,14.0,75.0,0.0,140.0,98.0,966.0,6.0,0.0,1.0,238.1,140.0,5.357142857142857,9.857142857142858,0.0,0.0
K.Allen,CHI,WR,15,1.0,0.0,0.0,0.0,1.0,0.0,0.0,0.0,121.0,70.0,744.0,7.0,0.0,0.0,184.4,121.0,,10.628571428571428,0.0,0.0
R.Odunze,CHI,WR,17,0.0,0.0,0.0,0.0,0.0,3.0,15.0,0.0,101.0,54.0,734.0,3.0,0.0,0.0,144.9,,5.0,13.592592592592593,,
T.Scott,CHI,WR,1,0.0,0.0,0.0,0.0,0.0,0.0,0.0,0.0,1.0,1.0,5.0,0.0,0.0,0.0,1.5,,,5.0,,
J.Browning,CIN,QB,2,0.0,0.0,0.0,0.0,0.0,2.0,-2.0,0.0,0.0,0.0,0.0,0.0,0.0,0.0,-0.2,,-1.0,,,
J.Burrow,CIN,QB,17,652.0,460.0,4918.0,43.0,9.0,42.0,201.0,2.0,0.0,0.0,0.0,0.0,5.0,0.0,372.82,0.0,4.785714285714286,,0.7055214723926381,0.06595092024539877
C.Brown,CIN,RB,16,0.0,0.0,0.0,0.0,0.0,229.0,990.0,7.0,65.0,54.0,360.0,4.0,1.0,1.0,255.0,,4.323144104803493,6.666666666666667,,
K.Herbert,CIN,RB,5,0.0,0.0,0.0,0.0,0.0,28.0,114.0,0.0,9.0,8.0,21.0,0.0,0.0,0.0,21.5,,4.071428571428571,2.625,,
Z.Moss,CIN,RB,8,0.0,0.0,0.0,0.0,0.0,74.0,242.0,2.0,27.0,23.0,187.0,1.0,1.0,0.0,81.9,,3.27027027027027,8.130434782608695,,
C.Grandy,CIN,TE,4,0.0,0.0,0.0,0.0,0.0,0.0,0.0,0.0,5.0,5.0,28.0,0.0,0.0,0.0,7.8,,,5.6,,
D.Sample,CIN,TE,11,0.0,0.0,0.0,0.0,0.0,1.0,-4.0,0.0,22.0,20.0,109.0,1.0,0.0,0.0,36.5,,-4.0,5.45,,
E.All,CIN,TE,8,0.0,0.0,0.0,0.0,0.0,0.0,0.0,0.0,22.0,20.0,158.0,0.0,0.0,0.0,35.8,,,7.9,,
M.Gesicki,CIN,TE,16,0.0,0.0,0.0,0.0,0.0,0.0,0.0,0.0,83.0,65.0,665.0,2.0,0.0,0.0,141.5,,,10.23076923076923,,
T.Hudson,CIN,TE,9,0.0,0.0,0.0,0.0,0.0,1.0,1.0,0.0,23.0,19.0,154.0,1.0,0.0,0.0,38.5,,1.0,8.105263157894736,,
A.Iosivas,CIN,WR,17,0.0,0.0,0.0,0.0,0.0,0.0,0.0,0.0,61.0,36.0,479.0,6.0,0.0,0.0,119.9,,,13.305555555555555,,
C.Jones,CIN,WR,2,0.0,0.0,0.0,0.0,0.0,0.0,0.0,0.0,1.0,1.0,5.0,0.0,0.0,0.0,7.5,,,5.0,,
J.Burton,CIN,WR,4,0.0,0.0,0.0,0.0,0.0,0.0,0.0,0.0,14.0,4.0,107.0,0.0,0.0,0.0,14.7,,,26.75,,
J.Chase,CIN,WR,17,0.0,0.0,0.0,0.0,0.0,3.0,32.0,0.0,175.0,127.0,1708.0,17.0,0.0,0.0,403.0,,10.666666666666666,13.448818897637794,,
K.Pryor,CIN,WR,1,0.0,0.0,0.0,0.0,0.0,0.0,0.0,0.0,1.0,1.0,9.0,0.0,0.0,0.0,1.9,,,9.0,,
T.Higgins,CIN,WR,12,0.0,0.0,0.0,0.0,0.0,0.0,0.0,0.0,109.0,73.0,911.0,10.0,0.0,0.0,222.1,,,12.479452054794521,,
T.Irwin,CIN,WR,4,0.0,0.0,0.0,0.0,0.0,0.0,0.0,0.0,10.0,3.0,15.0,0.0,0.0,0.0,4.5,,,5.0,,
B.Zappe,CLE,QB,1,31.0,16.0,170.0,1.0,2.0,2.0,2.0,0.0,0.0,0.0,0.0,0.0,0.0,0.0,7.0,0.0,1.0,,0.5161290322580645,0.03225806451612903
D.Thompson-Robinson,CLE,QB,6,118.0,61.0,440.0,0.0,6.0,21.0,122.0,0.0,0.0,0.0,0.0,0.0,1.0,0.0,15.799999999999999,0.0,5.809523809523809,,0.5169491525423728,0.0
D.Watson,CLE,QB,7,216.0,137.0,1148.0,5.0,3.0,31.0,148.0,1.0,0.0,0.0,0.0,0.0,3.0,1.0,76.72,0.0,4.774193548387097,,0.6342592592592593,0.023148148148148147
J.Winston,CLE,QB,11,296.0,181.0,2121.0,13.0,12.0,25.0,83.0,1.0,0.0,0.0,0.0,0.0,2.0,4.0,131.14,0.0,3.32,,0.6114864864864865,0.04391891891891892
D.Foreman,CLE,RB,10,0.0,0.0,0.0,0.0,0.0,71.0,232.0,0.0,8.0,6.0,54.0,0.0,1.0,0.0,32.6,,3.267605633802817,9.0,,
J.Ford,CLE,RB,14,0.0,0.0,0.0,0.0,0.0,104.0,565.0,3.0,43.0,37.0,225.0,0.0,0.0,0.0,134.0,,5.4326923076923075,6.081081081081081,,
J.Kibodi,CLE,RB,1,0.0,0.0,0.0,0.0,0.0,5.0,24.0,0.0,3.0,1.0,15.0,0.0,0.0,0.0,4.9,,4.8,15.0,,
N.Chubb,CLE,RB,8,0.0,0.0,0.0,0.0,0.0,102.0,332.0,3.0,11.0,5.0,31.0,1.0,1.0,0.0,63.3,,3.2549019607843137,6.2,,
P.Strong,CLE,RB,11,0.0,0.0,0.0,0.0,0.0,26.0,108.0,0.0,22.0,14.0,104.0,0.0,0.0,0.0,35.2,,4.153846153846154,7.428571428571429,,
B.Bates,CLE,TE,1,0.0,0.0,0.0,0.0,0.0,0.0,0.0,0.0,1.0,0.0,0.0,0.0,0.0,0.0,0.0,,,,,
B.Whiteheart,CLE,TE,7,0.0,0.0,0.0,0.0,0.0,0.0,0.0,0.0,9.0,6.0,51.0,1.0,0.0,0.0,17.1,,,8.5,,
D.Njoku,CLE,TE,11,0.0,0.0,0.0,0.0,0.0,0.0,0.0,0.0,97.0,64.0,505.0,5.0,0.0,2.0,148.5,,,7.890625,,
G.Swaim,CLE,TE,1,0.0,0.0,0.0,0.0,0.0,0.0,0.0,0.0,1.0,1.0,7.0,0.0,0.0,0.0,1.7,,,7.0,,
J.Akins,CLE,TE,16,0.0,0.0,0.0,0.0,0.0,0.0,0.0,0.0,58.0,40.0,390.0,2.0,0.0,0.0,91.0,,,9.75,,
A.Cooper,CLE,WR,6,0.0,0.0,0.0,0.0,0.0,0.0,0.0,0.0,53.0,24.0,250.0,2.0,0.0,0.0,61.0,,,10.416666666666666,,
C.Tillman,CLE,WR,9,0.0,0.0,0.0,0.0,0.0,1.0,-5.0,0.0,49.0,29.0,339.0,3.0,0.0,1.0,80.4,,-5.0,11.689655172413794,,
D.Bell,CLE,WR,1,0.0,0.0,0.0,0.0,0.0,0.0,0.0,0.0,3.0,3.0,27.0,0.0,0.0,0.0,5.7,,,9.0,,
E.Moore,CLE,WR,17,0.0,0.0,0.0,0.0,0.0,1.0,1.0,0.0,102.0,61.0,538.0,1.0,0.0,0.0,120.9,,1.0,8.819672131147541,,
J.Darden,CLE,WR,1,0.0,0.0,0.0,0.0,0.0,0.0,0.0,0.0,1.0,1.0,6.0,0.0,0.0,0.0,1.6,,,6.0,,
J.Jeudy,CLE,WR,17,0.0,0.0,0.0,0.0,0.0,0.0,0.0,0.0,145.0,90.0,1229.0,4.0,0.0,2.0,240.9,,,13.655555555555555,,
J.Proche,CLE,WR,2,0.0,0.0,0.0,0.0,0.0,0.0,0.0,0.0,3.0,3.0,21.0,0.0,0.0,0.0,5.1,,,7.0,,
J.Thrash,CLE,WR,6,0.0,0.0,0.0,0.0,0.0,0.0,0.0,0.0,7.0,3.0,22.0,0.0,0.0,0.0,5.2,,,7.333333333333333,,
K.Toney,CLE,WR,2,0.0,0.0,0.0,0.0,0.0,2.0,-4.0,0.0,1.0,0.0,0.0,0.0,0.0,0.0,-0.39999999999999997,,-2.0,,,
M.Woods,CLE,WR,5,0.0,0.0,0.0,0.0,0.0,0.0,0.0,0.0,17.0,7.0,65.0,0.0,0.0,0.0,13.5,,,9.285714285714286,,
H.Luepke,DAL,FB,13,0.0,0.0,0.0,0.0,0.0,12.0,38.0,0.0,16.0,12.0,111.0,0.0,0.0,0.0,26.9,,3.1666666666666665,9.25,,
C.Rush,DAL,QB,12,308.0,187.0,1844.0,12.0,5.0,26.0,18.0,0.0,0.0,0.0,0.0,0.0,3.0,1.0,109.56,0.0,0.6923076923076923,,0.6071428571428571,0.03896103896103896
D.Prescott,DAL,QB,8,286.0,185.0,1978.0,11.0,8.0,13.0,54.0,1.0,0.0,0.0,0.0,0.0,1.0,0.0,116.52,0.0,4.153846153846154,,0.6468531468531469,0.038461538461538464
T.Lance,DAL,QB,4,41.0,25.0,266.0,0.0,1.0,11.0,41.0,0.0,0.0,0.0,0.0,0.0,0.0,0.0,12.74,0.0,3.727272727272727,,0.6097560975609756,0.0
D.Cook,DAL,RB,2,0.0,0.0,0.0,0.0,0.0,8.0,20.0,0.0,1.0,1.0,10.0,0.0,0.0,0.0,4.0,,2.5,10.0,,
D.Vaughn,DAL,RB,5,0.0,0.0,0.0,0.0,0.0,17.0,70.0,0.0,5.0,3.0,18.0,0.0,0.0,0.0,11.8,,4.117647058823529,6.0,,
E.Elliott,DAL,RB,15,0.0,0.0,0.0,0.0,0.0,74.0,226.0,3.0,15.0,12.0,69.0,0.0,1.0,0.0,57.5,,3.054054054054054,5.75,,
R.Dowdle,DAL,RB,16,0.0,0.0,0.0,0.0,0.0,235.0,1079.0,2.0,49.0,39.0,249.0,3.0,2.0,0.0,197.8,,4.591489361702128,6.384615384615385,,
B.Spann-Ford,DAL,TE,6,0.0,0.0,0.0,0.0,0.0,0.0,0.0,0.0,14.0,9.0,88.0,0.0,0.0,0.0,17.8,,,9.777777777777779,,
J.Ferguson,DAL,TE,14,0.0,0.0,0.0,0.0,0.0,0.0,0.0,0.0,86.0,59.0,494.0,0.0,0.0,0.0,104.4,,,8.372881355932204,,
L.Schoonmaker,DAL,TE,10,0.0,0.0,0.0,0.0,0.0,0.0,0.0,0.0,36.0,27.0,241.0,1.0,0.0,0.0,57.1,,,8.925925925925926,,
B.Cooks,DAL,WR,10,0.0,0.0,0.0,0.0,0.0,3.0,-3.0,0.0,54.0,26.0,259.0,3.0,0.0,0.0,69.6,,-1.0,9.961538461538462,,
C.Lamb,DAL,WR,15,0.0,0.0,0.0,0.0,0.0,14.0,70.0,0.0,152.0,101.0,1194.0,6.0,0.0,1.0,263.4,,5.0,11.821782178217822,,
J.Brooks,DAL,WR,12,0.0,0.0,0.0,0.0,0.0,0.0,0.0,0.0,30.0,12.0,177.0,1.0,0.0,0.0,35.699999999999996,,,14.75,,
J.Mingo,DAL,WR,6,0.0,0.0,0.0,0.0,0.0,0.0,0.0,0.0,16.0,5.0,46.0,0.0,0.0,0.0,9.600000000000001,,,9.2,,
J.Tolbert,DAL,WR,17,0.0,0.0,0.0,0.0,0.0,0.0,0.0,0.0,79.0,49.0,610.0,7.0,0.0,0.0,152.0,,,12.448979591836734,,
K.Turpin,DAL,WR,15,0.0,0.0,0.0,0.0,0.0,16.0,92.0,0.0,52.0,31.0,420.0,2.0,0.0,0.0,104.2,,5.75,13.548387096774194,,
R.Flournoy,DAL,WR,7,0.0,0.0,0.0,0.0,0.0,0.0,0.0,0.0,14.0,10.0,102.0,0.0,0.0,0.0,18.2,,,10.2,,
M.Burton,DEN,FB,11,0.0,0.0,0.0,0.0,0.0,7.0,8.0,1.0,10.0,10.0,65.0,1.0,0.0,0.0,29.3,,1.1428571428571428,6.5,,
B.Nix,DEN,QB,17,567.0,376.0,3775.0,29.0,12.0,92.0,430.0,4.0,1.0,1.0,2.0,1.0,0.0,0.0,317.2,0.001763668430335097,4.673913043478261,2.0,0.6631393298059964,0.05114638447971781
J.Stidham,DEN,QB,2,0.0,0.0,0.0,0.0,0.0,4.0,5.0,0.0,0.0,0.0,0.0,0.0,0.0,0.0,0.49999999999999994,,1.25,,,
A.Estime,DEN,RB,13,0.0,0.0,0.0,0.0,0.0,76.0,310.0,2.0,5.0,5.0,27.0,0.0,1.0,0.0,48.7,,4.078947368421052,5.4,,
B.Watson,DEN,RB,1,0.0,0.0,0.0,0.0,0.0,4.0,10.0,0.0,2.0,1.0,13.0,0.0,0.0,0.0,3.3,,2.5,13.0,,
J.McLaughlin,DEN,RB,16,0.0,0.0,0.0,0.0,0.0,113.0,496.0,1.0,27.0,24.0,76.0,2.0,0.0,0.0,97.2,,4.389380530973451,3.1666666666666665,,
J.Williams,DEN,RB,17,0.0,0.0,0.0,0.0,0.0,139.0,513.0,4.0,70.0,52.0,346.0,0.0,2.0,0.0,157.9,,3.6906474820143886,6.653846153846154,,
T.Badie,DEN,RB,3,0.0,0.0,0.0,0.0,0.0,11.0,86.0,0.0,3.0,3.0,-2.0,0.0,0.0,0.0,9.4,,7.818181818181818,-0.6666666666666666,,
A.Trautman,DEN,TE,13,0.0,0.0,0.0,0.0,0.0,0.0,0.0,0.0,22.0,13.0,188.0,2.0,0.0,0.0,43.8,,,14.461538461538462,,
G.Dulcich,DEN,TE,3,0.0,0.0,0.0,0.0,0.0,0.0,0.0,0.0,12.0,5.0,28.0,0.0,0.0,0.0,7.8,,,5.6,,
L.Krull,DEN,TE,10,0.0,0.0,0.0,0.0,0.0,0.0,0.0,0.0,23.0,19.0,152.0,0.0,0.0,0.0,34.199999999999996,,,8.0,,
N.Adkins,DEN,TE,12,0.0,0.0,0.0,0.0,0.0,0.0,0.0,0.0,15.0,14.0,115.0,3.0,0.0,0.0,43.5,,,8.214285714285714,,
C.Sutton,DEN,WR,16,2.0,2.0,30.0,1.0,0.0,0.0,0.0,0.0,135.0,81.0,1081.0,8.0,0.0,0.0,240.3,67.5,,13.345679012345679,1.0,0.5
D.Vele,DEN,WR,13,0.0,0.0,0.0,0.0,0.0,0.0,0.0,0.0,55.0,41.0,475.0,3.0,0.0,0.0,106.5,,,11.585365853658537,,
J.Reynolds,DEN,WR,5,0.0,0.0,0.0,0.0,0.0,0.0,0.0,0.0,19.0,12.0,183.0,1.0,0.0,0.0,36.3,,,15.25,,
L.Humphrey,DEN,WR,14,0.0,0.0,0.0,0.0,0.0,0.0,0.0,0.0,45.0,31.0,293.0,1.0,0.0,0.0,64.3,,,9.451612903225806,,
M.Mims,DEN,WR,16,0.0,0.0,0.0,0.0,0.0,13.0,42.0,0.0,52.0,39.0,503.0,6.0,0.0,0.0,129.5,,3.230769230769231,12.897435897435898,,
T.Franklin,DEN,WR,16,0.0,0.0,0.0,0.0,0.0,2.0,8.0,0.0,53.0,28.0,263.0,2.0,0.0,0.0,67.1,,4.0,9.392857142857142,,
H.Hooker,DET,QB,3,9.0,6.0,62.0,0.0,0.0,5.0,2.0,0.0,0.0,0.0,0.0,0.0,0.0,0.0,2.68,0.0,0.4,,0.6666666666666666,0.0
J.Goff,DET,QB,17,539.0,390.0,4629.0,37.0,12.0,35.0,56.0,0.0,1.0,1.0,7.0,1.0,0.0,1.0,324.46,0.0018552875695732839,1.6,7.0,0.7235621521335807,0.0686456400742115
C.Reynolds,DET,RB,7,0.0,0.0,0.0,0.0,0.0,31.0,139.0,0.0,5.0,3.0,40.0,0.0,0.0,0.0,20.9,,4.483870967741935,13.333333333333334,,
D.Montgomery,DET,RB,14,1.0,1.0,3.0,1.0,0.0,185.0,775.0,12.0,38.0,36.0,341.0,0.0,1.0,0.0,221.72,38.0,4.1891891891891895,9.472222222222221,1.0,1.0
J.Gibbs,DET,RB,17,0.0,0.0,0.0,0.0,0.0,250.0,1412.0,16.0,63.0,52.0,497.0,3.0,0.0,0.0,354.9,,5.648,9.557692307692308,,
J.Jefferson,DET,RB,2,0.0,0.0,0.0,0.0,0.0,6.0,22.0,0.0,1.0,1.0,10.0,0.0,0.0,0.0,4.2,,3.6666666666666665,10.0,,
S.Vaki,DET,RB,4,0.0,0.0,0.0,0.0,0.0,6.0,14.0,0.0,3.0,3.0,37.0,0.0,0.0,0.0,8.1,,2.3333333333333335,12.333333333333334,,
B.Wright,DET,TE,10,0.0,0.0,0.0,0.0,0.0,0.0,0.0,0.0,16.0,13.0,100.0,2.0,0.0,0.0,35.0,,,7.6923076923076925,,
S.LaPorta,DET,TE,16,0.0,0.0,0.0,0.0,0.0,0.0,0.0,0.0,83.0,60.0,726.0,7.0,0.0,0.0,174.6,,,12.1,,
S.Zylstra,DET,TE,1,0.0,0.0,0.0,0.0,0.0,0.0,0.0,0.0,1.0,1.0,22.0,0.0,0.0,0.0,3.2,,,22.0,,
A.Robinson,DET,WR,6,0.0,0.0,0.0,0.0,0.0,0.0,0.0,0.0,7.0,3.0,30.0,0.0,0.0,0.0,6.0,,,10.0,,
A.St. Brown,DET,WR,17,1.0,1.0,7.0,1.0,0.0,2.0,6.0,0.0,141.0,115.0,1263.0,12.0,0.0,0.0,316.18,141.0,3.0,10.982608695652173,1.0,1.0
I.Williams,DET,WR,1,0.0,0.0,0.0,0.0,0.0,0.0,0.0,0.0,3.0,2.0,6.0,0.0,0.0,0.0,2.6,,,3.0,,
J.Williams,DET,WR,15,0.0,0.0,0.0,0.0,0.0,11.0,61.0,1.0,91.0,58.0,1001.0,7.0,0.0,0.0,212.2,,5.545454545454546,17.25862068965517,,
K.Raymond,DET,WR,10,0.0,0.0,0.0,0.0,0.0,2.0,0.0,0.0,22.0,17.0,215.0,2.0,0.0,0.0,56.5,,0.0,12.647058823529411,,
T.Kennedy,DET,WR,1,0.0,0.0,0.0,0.0,0.0,0.0,0.0,0.0,1.0,0.0,0.0,0.0,0.0,0.0,0.0,,,,,
T.Patrick,DET,WR,15,0.0,0.0,0.0,0.0,0.0,0.0,0.0,0.0,44.0,33.0,394.0,3.0,0.0,1.0,92.4,,,11.93939393939394,,
A.Beck,GB,FB,1,0.0,0.0,0.0,0.0,0.0,0.0,0.0,0.0,1.0,0.0,0.0,0.0,0.0,0.0,0.0,,,,,
J.Love,GB,QB,15,425.0,268.0,3389.0,25.0,11.0,25.0,83.0,1.0,0.0,0.0,0.0,0.0,0.0,3.0,233.86,0.0,3.32,,0.6305882352941177,0.058823529411764705
M.Willis,GB,QB,6,54.0,40.0,550.0,3.0,0.0,20.0,138.0,1.0,0.0,0.0,0.0,0.0,1.0,0.0,51.8,0.0,6.9,,0.7407407407407407,0.05555555555555555
C.Brooks,GB,RB,11,0.0,0.0,0.0,0.0,0.0,36.0,183.0,1.0,13.0,11.0,69.0,0.0,0.0,0.0,42.2,,5.083333333333333,6.2727272727272725,,
E.Wilson,GB,RB,17,0.0,0.0,0.0,0.0,0.0,103.0,502.0,4.0,14.0,11.0,48.0,1.0,0.0,0.0,96.0,,4.87378640776699,4.363636363636363,,
J.Jacobs,GB,RB,17,0.0,0.0,0.0,0.0,0.0,301.0,1329.0,15.0,43.0,36.0,342.0,1.0,3.0,0.0,293.1,,4.415282392026578,9.5,,
M.Lloyd,GB,RB,1,0.0,0.0,0.0,0.0,0.0,6.0,15.0,0.0,1.0,1.0,3.0,0.0,0.0,0.0,2.8,,2.5,3.0,,
B.Sims,GB,TE,4,0.0,0.0,0.0,0.0,0.0,0.0,0.0,0.0,5.0,4.0,42.0,0.0,0.0,0.0,8.2,,,10.5,,
J.FitzPatrick,GB,TE,1,0.0,0.0,0.0,0.0,0.0,0.0,0.0,0.0,1.0,1.0,2.0,0.0,0.0,0.0,1.2,,,2.0,,
L.Musgrave,GB,TE,7,0.0,0.0,0.0,0.0,0.0,0.0,0.0,0.0,10.0,7.0,45.0,0.0,0.0,0.0,11.5,,,6.428571428571429,,
T.Kraft,GB,TE,17,0.0,0.0,0.0,0.0,0.0,3.0,6.0,0.0,70.0,50.0,707.0,7.0,0.0,1.0,163.3,,2.0,14.14,,
B.Melton,GB,WR,11,0.0,0.0,0.0,0.0,0.0,8.0,54.0,0.0,17.0,8.0,91.0,0.0,0.0,0.0,22.5,,6.75,11.375,,
C.Watson,GB,WR,14,0.0,0.0,0.0,0.0,0.0,4.0,23.0,0.0,53.0,29.0,620.0,2.0,0.0,1.0,105.3,,5.75,21.379310344827587,,
D.Wicks,GB,WR,17,0.0,0.0,0.0,0.0,0.0,0.0,0.0,0.0,76.0,39.0,415.0,5.0,0.0,0.0,110.5,,,10.64102564102564,,
J.Reed,GB,WR,17,0.0,0.0,0.0,0.0,0.0,20.0,163.0,1.0,75.0,55.0,857.0,6.0,1.0,0.0,197.0,,8.15,15.581818181818182,,
M.Heath,GB,WR,5,0.0,0.0,0.0,0.0,0.0,0.0,0.0,0.0,13.0,10.0,97.0,2.0,0.0,0.0,31.7,,,9.7,,
R.Doubs,GB,WR,13,0.0,0.0,0.0,0.0,0.0,0.0,0.0,0.0,72.0,46.0,601.0,4.0,0.0,1.0,132.1,,,13.065217391304348,,
A.Beck,HOU,FB,1,0.0,0.0,0.0,0.0,0.0,0.0,0.0,0.0,1.0,0.0,0.0,0.0,0.0,0.0,0.0,,,,,
C.Stroud,HOU,QB,17,532.0,336.0,3727.0,20.0,12.0,52.0,233.0,0.0,1.0,0.0,0.0,0.0,4.0,0.0,220.38,0.0018796992481203006,4.480769230769231,,0.631578947368421,0.03759398496240601
D.Mills,HOU,QB,4,36.0,20.0,212.0,0.0,0.0,3.0,11.0,0.0,0.0,0.0,0.0,0.0,0.0,0.0,9.58,0.0,3.6666666666666665,,0.5555555555555556,0.0
B.Brooks,HOU,RB,1,0.0,0.0,0.0,0.0,0.0,1.0,2.0,0.0,0.0,0.0,0.0,0.0,0.0,0.0,0.2,,2.0,,,
C.Akers,HOU,RB,5,0.0,0.0,0.0,0.0,0.0,40.0,147.0,1.0,7.0,4.0,16.0,1.0,1.0,0.0,30.3,,3.675,4.0,,
D.Ogunbowale,HOU,RB,15,0.0,0.0,0.0,0.0,0.0,30.0,112.0,0.0,28.0,19.0,198.0,1.0,0.0,0.0,56.0,,3.7333333333333334,10.421052631578947,,
D.Pierce,HOU,RB,9,0.0,0.0,0.0,0.0,0.0,40.0,293.0,2.0,4.0,2.0,2.0,0.0,0.0,0.0,43.5,,7.325,1.0,,
J.Mixon,HOU,RB,14,1.0,0.0,0.0,0.0,0.0,245.0,1016.0,11.0,52.0,36.0,309.0,1.0,0.0,0.0,240.5,52.0,4.146938775510204,8.583333333333334,0.0,0.0
J.Taylor,HOU,RB,3,0.0,0.0,0.0,0.0,0.0,10.0,44.0,0.0,3.0,2.0,0.0,0.0,0.0,0.0,6.3999999999999995,,4.4,0.0,,
B.Jordan,HOU,TE,2,0.0,0.0,0.0,0.0,0.0,0.0,0.0,0.0,3.0,2.0,7.0,0.0,0.0,0.0,2.7,,,3.5,,
C.Stover,HOU,TE,13,0.0,0.0,0.0,0.0,0.0,0.0,0.0,0.0,22.0,15.0,133.0,1.0,0.0,0.0,34.3,,,8.866666666666667,,
D.Schultz,HOU,TE,17,0.0,0.0,0.0,0.0,0.0,0.0,0.0,0.0,85.0,53.0,532.0,2.0,0.0,0.0,118.2,,,10.037735849056604,,
D.Johnson,HOU,WR,1,0.0,0.0,0.0,0.0,0.0,0.0,0.0,0.0,4.0,2.0,12.0,0.0,0.0,0.0,3.2,,,6.0,,
J.Metchie,HOU,WR,10,0.0,0.0,0.0,0.0,0.0,0.0,0.0,0.0,37.0,24.0,254.0,1.0,0.0,0.0,55.4,,,10.583333333333334,,
N.Collins,HOU,WR,12,0.0,0.0,0.0,0.0,0.0,0.0,0.0,0.0,99.0,68.0,1006.0,7.0,0.0,0.0,210.6,,,14.794117647058824,,
R.Woods,HOU,WR,12,0.0,0.0,0.0,0.0,0.0,0.0,0.0,0.0,30.0,20.0,203.0,0.0,0.0,0.0,38.3,,,10.15,,
S.Diggs,HOU,WR,8,1.0,1.0,13.0,0.0,0.0,3.0,8.0,1.0,64.0,47.0,496.0,3.0,0.0,0.0,121.92,64.0,2.6666666666666665,10.553191489361701,1.0,0.0
S.Sims,HOU,WR,1,0.0,0.0,0.0,0.0,0.0,1.0,0.0,0.0,0.0,0.0,0.0,0.0,0.0,0.0,0.0,,0.0,,,
T.Dell,HOU,WR,14,0.0,0.0,0.0,0.0,0.0,9.0,43.0,0.0,81.0,51.0,667.0,3.0,0.0,0.0,140.0,,4.777777777777778,13.07843137254902,,
X.Hutchinson,HOU,WR,14,0.0,0.0,0.0,0.0,0.0,0.0,0.0,0.0,26.0,12.0,117.0,0.0,0.0,0.0,23.7,,,9.75,,
A.Richardson,IND,QB,11,264.0,126.0,1814.0,8.0,12.0,86.0,499.0,6.0,1.0,1.0,-1.0,0.0,3.0,1.0,163.35999999999999,0.003787878787878788,5.8023255813953485,-1.0,0.4772727272727273,0.030303030303030304
J.Flacco,IND,QB,7,248.0,162.0,1761.0,12.0,7.0,9.0,26.0,0.0,0.0,0.0,0.0,0.0,4.0,0.0,99.04,0.0,2.888888888888889,,0.6532258064516129,0.04838709677419355
J.Taylor,IND,RB,14,0.0,0.0,0.0,0.0,0.0,303.0,1431.0,11.0,31.0,18.0,136.0,1.0,0.0,0.0,246.7,,4.7227722772277225,7.555555555555555,,
T.Goodson,IND,RB,9,0.0,0.0,0.0,0.0,0.0,32.0,153.0,1.0,15.0,11.0,61.0,1.0,0.0,0.0,44.4,,4.78125,5.545454545454546,,
T.Sermon,IND,RB,14,0.0,0.0,0.0,0.0,0.0,56.0,159.0,2.0,19.0,16.0,99.0,0.0,0.0,0.0,53.8,,2.8392857142857144,6.1875,,
A.Ogletree,IND,TE,11,0.0,0.0,0.0,0.0,0.0,0.0,0.0,0.0,14.0,9.0,109.0,1.0,0.0,0.0,25.900000000000002,,,12.11111111111111,,
K.Granson,IND,TE,14,0.0,0.0,0.0,0.0,0.0,0.0,0.0,0.0,31.0,14.0,182.0,0.0,0.0,0.0,32.2,,,13.0,,
M.Alie-Cox,IND,TE,12,0.0,0.0,0.0,0.0,0.0,0.0,0.0,0.0,22.0,12.0,147.0,1.0,0.0,0.0,32.7,,,12.25,,
W.Mallory,IND,TE,7,0.0,0.0,0.0,0.0,0.0,0.0,0.0,0.0,8.0,4.0,29.0,0.0,0.0,0.0,6.9,,,7.25,,
A.Dulin,IND,WR,9,0.0,0.0,0.0,0.0,0.0,5.0,45.0,0.0,8.0,2.0,67.0,1.0,0.0,0.0,19.2,,9.0,33.5,,
A.Gould,IND,WR,1,0.0,0.0,0.0,0.0,0.0,0.0,0.0,0.0,1.0,1.0,23.0,0.0,0.0,0.0,3.3,,,23.0,,
A.Mitchell,IND,WR,17,1.0,1.0,24.0,0.0,0.0,4.0,6.0,0.0,55.0,23.0,312.0,0.0,1.0,0.0,53.76,55.0,1.5,13.565217391304348,1.0,0.0
A.Pierce,IND,WR,16,0.0,0.0,0.0,0.0,0.0,0.0,0.0,0.0,69.0,37.0,824.0,7.0,0.0,0.0,161.4,,,22.27027027027027,,
J.Downs,IND,WR,14,0.0,0.0,0.0,0.0,0.0,1.0,-1.0,0.0,107.0,72.0,803.0,5.0,0.0,0.0,182.2,,-1.0,11.152777777777779,,
M.Pittman,IND,WR,16,0.0,0.0,0.0,0.0,0.0,0.0,0.0,0.0,111.0,69.0,808.0,3.0,0.0,0.0,165.79999999999998,,,11.710144927536232,,
M.Jones,JAX,QB,10,262.0,171.0,1672.0,8.0,8.0,28.0,92.0,1.0,0.0,0.0,0.0,0.0,2.0,1.0,96.08,0.0,3.2857142857142856,,0.6526717557251909,0.030534351145038167
T.Lawrence,JAX,QB,10,284.0,172.0,2045.0,11.0,7.0,26.0,119.0,3.0,0.0,0.0,0.0,0.0,1.0,3.0,145.7,0.0,4.576923076923077,,0.6056338028169014,0.03873239436619718
D.Johnson,JAX,RB,12,0.0,0.0,0.0,0.0,0.0,32.0,143.0,0.0,19.0,12.0,96.0,0.0,0.0,0.0,35.9,,4.46875,8.0,,
T.Bigsby,JAX,RB,15,0.0,0.0,0.0,0.0,0.0,168.0,766.0,7.0,12.0,7.0,54.0,0.0,1.0,0.0,129.0,,4.559523809523809,7.714285714285714,,
T.Etienne,JAX,RB,15,0.0,0.0,0.0,0.0,0.0,150.0,558.0,2.0,52.0,39.0,254.0,0.0,1.0,0.0,130.2,,3.72,6.512820512820513,,
B.Strange,JAX,TE,14,0.0,0.0,0.0,0.0,0.0,0.0,0.0,0.0,53.0,40.0,411.0,2.0,0.0,0.0,91.1,,,10.275,,
E.Engram,JAX,TE,9,0.0,0.0,0.0,0.0,0.0,0.0,0.0,0.0,64.0,47.0,365.0,1.0,0.0,1.0,89.5,,,7.76595744680851,,
J.Deguara,JAX,TE,3,0.0,0.0,0.0,0.0,0.0,0.0,0.0,0.0,3.0,3.0,14.0,0.0,0.0,0.0,4.4,,,4.666666666666667,,
L.Farrell,JAX,TE,10,0.0,0.0,0.0,0.0,0.0,0.0,0.0,0.0,17.0,12.0,67.0,0.0,0.0,0.0,18.7,,,5.583333333333333,,
A.Trammell,JAX,WR,1,0.0,0.0,0.0,0.0,0.0,0.0,0.0,0.0,3.0,2.0,40.0,0.0,0.0,0.0,6.0,,,20.0,,
B.Thomas,JAX,WR,17,0.0,0.0,0.0,0.0,0.0,6.0,48.0,0.0,133.0,87.0,1282.0,10.0,0.0,2.0,284.0,,8.0,14.735632183908047,,
C.Kirk,JAX,WR,8,0.0,0.0,0.0,0.0,0.0,0.0,0.0,0.0,47.0,27.0,379.0,1.0,0.0,0.0,70.9,,,14.037037037037036,,
D.Duvernay,JAX,WR,10,0.0,0.0,0.0,0.0,0.0,4.0,3.0,0.0,16.0,11.0,79.0,0.0,0.0,0.0,19.2,,0.75,7.181818181818182,,
G.Davis,JAX,WR,9,0.0,0.0,0.0,0.0,0.0,0.0,0.0,0.0,42.0,20.0,239.0,2.0,0.0,0.0,53.9,,,11.95,,
J.Reynolds,JAX,WR,3,0.0,0.0,0.0,0.0,0.0,0.0,0.0,0.0,5.0,1.0,11.0,0.0,0.0,0.0,2.1,,,11.0,,
P.Washington,JAX,WR,13,0.0,0.0,0.0,0.0,0.0,0.0,0.0,0.0,51.0,32.0,390.0,3.0,0.0,1.0,97.0,,,12.1875,,
T.Jones,JAX,WR,3,0.0,0.0,0.0,0.0,0.0,0.0,0.0,0.0,5.0,3.0,41.0,0.0,0.0,0.0,7.1,,,13.666666666666666,,
C.Oladokun,KC,QB,1,0.0,0.0,0.0,0.0,0.0,1.0,5.0,0.0,0.0,0.0,0.0,0.0,0.0,0.0,0.5,,5.0,,,
C.Wentz,KC,QB,2,19.0,12.0,118.0,0.0,0.0,3.0,0.0,0.0,0.0,0.0,0.0,0.0,0.0,0.0,4.72,0.0,0.0,,0.631578947368421,0.0
P.Mahomes,KC,QB,16,581.0,392.0,3928.0,26.0,11.0,58.0,307.0,2.0,1.0,1.0,2.0,0.0,0.0,0.0,283.02,0.0017211703958691911,5.293103448275862,2.0,0.6746987951807228,0.04475043029259897
C.Steele,KC,RB,12,0.0,0.0,0.0,0.0,0.0,56.0,183.0,0.0,11.0,7.0,26.0,0.0,2.0,0.0,23.9,,3.267857142857143,3.7142857142857144,,
I.Pacheco,KC,RB,7,0.0,0.0,0.0,0.0,0.0,83.0,310.0,1.0,16.0,12.0,79.0,0.0,0.0,0.0,56.900000000000006,,3.7349397590361444,6.583333333333333,,
K.Hunt,KC,RB,13,0.0,0.0,0.0,0.0,0.0,200.0,728.0,7.0,32.0,23.0,176.0,0.0,0.0,0.0,155.4,,3.64,7.6521739130434785,,
S.Perine,KC,RB,17,0.0,0.0,0.0,0.0,0.0,20.0,92.0,1.0,35.0,28.0,322.0,1.0,0.0,0.0,81.4,,4.6,11.5,,
B.Cupp,KC,TE,1,0.0,0.0,0.0,0.0,0.0,0.0,0.0,0.0,1.0,0.0,0.0,0.0,0.0,0.0,0.0,,,,,
J.Fortson,KC,TE,3,0.0,0.0,0.0,0.0,0.0,0.0,0.0,0.0,3.0,1.0,5.0,0.0,0.0,0.0,1.5,,,5.0,,
J.Wiley,KC,TE,1,0.0,0.0,0.0,0.0,0.0,0.0,0.0,0.0,1.0,1.0,7.0,0.0,0.0,0.0,1.7,,,7.0,,
N.Gray,KC,TE,16,0.0,0.0,0.0,0.0,0.0,1.0,-4.0,0.0,49.0,40.0,437.0,5.0,0.0,0.0,113.3,,-4.0,10.925,,
P.Hendershot,KC,TE,4,0.0,0.0,0.0,0.0,0.0,0.0,0.0,0.0,5.0,5.0,51.0,0.0,0.0,0.0,10.1,,,10.2,,
T.Kelce,KC,TE,16,0.0,0.0,0.0,0.0,0.0,1.0,1.0,0.0,133.0,97.0,823.0,3.0,0.0,0.0,195.4,,1.0,8.484536082474227,,
D.Hopkins,KC,WR,10,0.0,0.0,0.0,0.0,0.0,0.0,0.0,0.0,59.0,41.0,437.0,4.0,0.0,0.0,108.7,,,10.658536585365853,,
J.Ross,KC,WR,1,0.0,0.0,0.0,0.0,0.0,0.0,0.0,0.0,1.0,0.0,0.0,0.0,0.0,0.0,0.0,,,,,
J.Smith-Schuster,KC,WR,11,0.0,0.0,0.0,0.0,0.0,0.0,0.0,0.0,26.0,18.0,231.0,2.0,0.0,0.0,53.1,,,12.833333333333334,,
J.Watson,KC,WR,15,0.0,0.0,0.0,0.0,0.0,0.0,0.0,0.0,32.0,22.0,289.0,2.0,0.0,0.0,62.9,,,13.136363636363637,,
M.Brown,KC,WR,2,0.0,0.0,0.0,0.0,0.0,0.0,0.0,0.0,15.0,9.0,91.0,0.0,0.0,0.0,18.1,,,10.11111111111111,,
M.Hardman,KC,WR,7,0.0,0.0,0.0,0.0,0.0,5.0,62.0,1.0,14.0,12.0,90.0,0.0,0.0,0.0,33.2,,12.4,7.5,,
N.Remigio,KC,WR,1,0.0,0.0,0.0,0.0,0.0,0.0,0.0,0.0,6.0,2.0,48.0,0.0,0.0,0.0,6.8,,,24.0,,
R.Rice,KC,WR,3,0.0,0.0,0.0,0.0,0.0,1.0,1.0,0.0,29.0,24.0,288.0,2.0,0.0,0.0,64.9,,1.0,12.0,,
S.Moore,KC,WR,2,0.0,0.0,0.0,0.0,0.0,0.0,0.0,0.0,3.0,0.0,0.0,0.0,0.0,0.0,0.0,,,,,
X.Worthy,KC,WR,16,0.0,0.0,0.0,0.0,0.0,20.0,104.0,3.0,98.0,59.0,638.0,6.0,0.0,0.0,187.2,,5.2,10.813559322033898,,
S.Matlock,LAC,FB,5,0.0,0.0,0.0,0.0,0.0,0.0,0.0,0.0,5.0,4.0,28.0,0.0,0.0,0.0,6.8,,,7.0,,
J.Herbert,LAC,QB,17,504.0,332.0,3870.0,23.0,3.0,69.0,306.0,2.0,0.0,0.0,0.0,0.0,2.0,3.0,285.4,0.0,4.434782608695652,,0.6587301587301587,0.04563492063492063
T.Heinicke,LAC,QB,4,5.0,3.0,28.0,0.0,0.0,2.0,20.0,0.0,0.0,0.0,0.0,0.0,0.0,0.0,3.12,0.0,10.0,,0.6,0.0
G.Edwards,LAC,RB,11,0.0,0.0,0.0,0.0,0.0,101.0,365.0,4.0,5.0,3.0,6.0,0.0,0.0,0.0,64.1,,3.613861386138614,2.0,,
H.Haskins,LAC,RB,11,0.0,0.0,0.0,0.0,0.0,34.0,89.0,2.0,3.0,3.0,49.0,1.0,1.0,0.0,32.800000000000004,,2.6176470588235294,16.333333333333332,,
J.Dobbins,LAC,RB,13,0.0,0.0,0.0,0.0,0.0,195.0,905.0,9.0,38.0,32.0,153.0,0.0,0.0,0.0,191.8,,4.641025641025641,4.78125,,
K.Vidal,LAC,RB,9,0.0,0.0,0.0,0.0,0.0,43.0,155.0,0.0,9.0,5.0,62.0,1.0,0.0,0.0,32.7,,3.604651162790698,12.4,,
E.Tomlinson,LAC,TE,4,0.0,0.0,0.0,0.0,0.0,0.0,0.0,0.0,4.0,2.0,9.0,0.0,0.0,0.0,2.9,,,4.5,,
H.Hurst,LAC,TE,7,0.0,0.0,0.0,0.0,0.0,0.0,0.0,0.0,13.0,8.0,73.0,0.0,0.0,0.0,15.3,,,9.125,,
S.Smartt,LAC,TE,7,0.0,0.0,0.0,0.0,0.0,0.0,0.0,0.0,19.0,16.0,208.0,0.0,0.0,0.0,34.8,,,13.0,,
T.Fisk,LAC,TE,7,0.0,0.0,0.0,0.0,0.0,0.0,0.0,0.0,8.0,7.0,39.0,0.0,0.0,0.0,10.9,,,5.571428571428571,,
W.Dissly,LAC,TE,15,0.0,0.0,0.0,0.0,0.0,0.0,0.0,0.0,64.0,50.0,481.0,2.0,0.0,0.0,110.1,,,9.62,,
D.Chark,LAC,WR,4,0.0,0.0,0.0,0.0,0.0,0.0,0.0,0.0,10.0,4.0,31.0,1.0,0.0,0.0,13.1,,,7.75,,
D.Davis,LAC,WR,11,0.0,0.0,0.0,0.0,0.0,12.0,39.0,0.0,17.0,13.0,112.0,2.0,0.0,0.0,40.1,,3.25,8.615384615384615,,
J.Palmer,LAC,WR,15,0.0,0.0,0.0,0.0,0.0,0.0,0.0,0.0,65.0,39.0,584.0,1.0,0.0,2.0,107.4,,,14.974358974358974,,
J.Reagor,LAC,WR,7,0.0,0.0,0.0,0.0,0.0,3.0,-3.0,0.0,12.0,7.0,100.0,0.0,0.0,0.0,14.7,,-1.0,14.285714285714286,,
L.McConkey,LAC,WR,16,0.0,0.0,0.0,0.0,0.0,0.0,0.0,0.0,112.0,82.0,1149.0,7.0,0.0,1.0,240.9,,,14.012195121951219,,
Q.Johnston,LAC,WR,15,0.0,0.0,0.0,0.0,0.0,3.0,6.0,0.0,91.0,55.0,711.0,8.0,0.0,0.0,174.70000000000002,,2.0,12.927272727272728,,
S.Fehoko,LAC,WR,5,0.0,0.0,0.0,0.0,0.0,0.0,0.0,0.0,16.0,6.0,106.0,0.0,0.0,0.0,16.6,,,17.666666666666668,,
J.Garoppolo,LAR,QB,1,41.0,27.0,334.0,2.0,1.0,2.0,5.0,0.0,0.0,0.0,0.0,0.0,0.0,0.0,19.86,0.0,2.5,,0.6585365853658537,0.04878048780487805
M.Stafford,LAR,QB,16,517.0,340.0,3762.0,20.0,8.0,30.0,41.0,0.0,0.0,0.0,0.0,0.0,2.0,0.0,214.58,0.0,1.3666666666666667,,0.6576402321083172,0.03868471953578337
B.Corum,LAR,RB,14,0.0,0.0,0.0,0.0,0.0,58.0,207.0,0.0,8.0,7.0,58.0,0.0,0.0,0.0,33.5,,3.5689655172413794,8.285714285714286,,
C.Schrader,LAR,RB,1,0.0,0.0,0.0,0.0,0.0,1.0,3.0,0.0,1.0,1.0,6.0,0.0,0.0,0.0,1.9,,3.0,6.0,,
K.Williams,LAR,RB,16,0.0,0.0,0.0,0.0,0.0,316.0,1299.0,14.0,40.0,34.0,182.0,2.0,3.0,0.0,272.1,,4.110759493670886,5.352941176470588,,
R.Rivers,LAR,RB,5,0.0,0.0,0.0,0.0,0.0,22.0,99.0,0.0,6.0,5.0,34.0,0.0,0.0,0.0,18.3,,4.5,6.8,,
C.Parkinson,LAR,TE,15,0.0,0.0,0.0,0.0,0.0,0.0,0.0,0.0,49.0,30.0,294.0,1.0,0.0,0.0,65.4,,,9.8,,
D.Allen,LAR,TE,6,0.0,0.0,0.0,0.0,0.0,0.0,0.0,0.0,13.0,6.0,39.0,0.0,0.0,0.0,9.9,,,6.5,,
H.Long,LAR,TE,7,0.0,0.0,0.0,0.0,0.0,0.0,0.0,0.0,9.0,7.0,60.0,0.0,0.0,0.0,19.0,,,8.571428571428571,,
T.Higbee,LAR,TE,3,0.0,0.0,0.0,0.0,0.0,0.0,0.0,0.0,12.0,8.0,66.0,2.0,0.0,0.0,26.599999999999998,,,8.25,,
C.Kupp,LAR,WR,12,0.0,0.0,0.0,0.0,0.0,2.0,10.0,0.0,100.0,67.0,710.0,6.0,0.0,0.0,175.0,,5.0,10.597014925373134,,
D.Robinson,LAR,WR,17,0.0,0.0,0.0,0.0,0.0,0.0,0.0,0.0,64.0,31.0,505.0,7.0,0.0,0.0,123.5,,,16.29032258064516,,
J.Whittington,LAR,WR,6,0.0,0.0,0.0,0.0,0.0,2.0,12.0,0.0,28.0,22.0,293.0,0.0,0.0,0.0,52.5,,6.0,13.318181818181818,,
P.Nacua,LAR,WR,11,0.0,0.0,0.0,0.0,0.0,11.0,46.0,1.0,106.0,79.0,990.0,3.0,0.0,0.0,206.6,,4.181818181818182,12.531645569620252,,
T.Atwell,LAR,WR,15,1.0,0.0,0.0,0.0,0.0,2.0,7.0,0.0,62.0,42.0,562.0,0.0,0.0,0.0,98.9,62.0,3.5,13.380952380952381,0.0,0.0
T.Johnson,LAR,WR,11,0.0,0.0,0.0,0.0,0.0,0.0,0.0,0.0,41.0,26.0,291.0,1.0,0.0,0.0,61.1,,,11.192307692307692,,
X.Smith,LAR,WR,3,0.0,0.0,0.0,0.0,0.0,4.0,36.0,0.0,2.0,2.0,6.0,0.0,0.0,0.0,6.2,,9.0,3.0,,
A.O'Connell,LV,QB,9,243.0,154.0,1612.0,8.0,4.0,21.0,30.0,1.0,0.0,0.0,0.0,0.0,2.0,0.0,93.48,0.0,1.4285714285714286,,0.6337448559670782,0.03292181069958848
D.Ridder,LV,QB,5,85.0,52.0,458.0,2.0,2.0,9.0,36.0,0.0,0.0,0.0,0.0,0.0,2.0,0.0,21.919999999999998,0.0,4.0,,0.611764705882353,0.023529411764705882
G.Minshew,LV,QB,10,306.0,203.0,2013.0,9.0,10.0,19.0,58.0,0.0,0.0,0.0,0.0,0.0,4.0,1.0,96.32,0.0,3.0526315789473686,,0.6633986928104575,0.029411764705882353
A.Abdullah,LV,RB,13,0.0,0.0,0.0,0.0,0.0,66.0,311.0,2.0,47.0,40.0,261.0,3.0,1.0,0.0,125.2,,4.712121212121212,6.525,,
A.Mattison,LV,RB,14,0.0,0.0,0.0,0.0,0.0,132.0,420.0,4.0,48.0,36.0,294.0,1.0,1.0,1.0,137.4,,3.1818181818181817,8.166666666666666,,
C.Collier,LV,RB,2,0.0,0.0,0.0,0.0,0.0,5.0,12.0,0.0,2.0,1.0,-4.0,0.0,0.0,0.0,1.7999999999999998,,2.4,-4.0,,
D.Laube,LV,RB,1,0.0,0.0,0.0,0.0,0.0,1.0,0.0,0.0,0.0,0.0,0.0,0.0,1.0,0.0,-2.0,,0.0,,,
S.McCormick,LV,RB,4,0.0,0.0,0.0,0.0,0.0,39.0,183.0,0.0,7.0,6.0,29.0,0.0,0.0,0.0,27.2,,4.6923076923076925,4.833333333333333,,
T.McAllister,LV,RB,1,0.0,0.0,0.0,0.0,0.0,2.0,11.0,0.0,0.0,0.0,0.0,0.0,0.0,0.0,1.1,,5.5,,,
Z.White,LV,RB,8,0.0,0.0,0.0,0.0,0.0,65.0,183.0,1.0,8.0,6.0,30.0,0.0,2.0,0.0,29.3,,2.8153846153846156,5.0,,
B.Bowers,LV,TE,17,0.0,0.0,0.0,0.0,0.0,5.0,13.0,0.0,153.0,112.0,1194.0,5.0,0.0,0.0,262.7,,2.6,10.660714285714286,,
H.Bryant,LV,TE,5,0.0,0.0,0.0,0.0,0.0,0.0,0.0,0.0,12.0,9.0,86.0,0.0,0.0,0.0,17.6,,,9.555555555555555,,
J.Shenker,LV,TE,1,0.0,0.0,0.0,0.0,0.0,0.0,0.0,0.0,1.0,1.0,7.0,0.0,0.0,0.0,1.7,,,7.0,,
M.Mayer,LV,TE,11,0.0,0.0,0.0,0.0,0.0,0.0,0.0,0.0,32.0,21.0,156.0,0.0,0.0,0.0,36.6,,,7.428571428571429,,
A.Bachman,LV,WR,1,0.0,0.0,0.0,0.0,0.0,0.0,0.0,0.0,3.0,3.0,31.0,0.0,0.0,0.0,6.1,,,10.333333333333334,,
D.Adams,LV,WR,3,0.0,0.0,0.0,0.0,0.0,0.0,0.0,0.0,27.0,18.0,209.0,1.0,0.0,0.0,44.9,,,11.61111111111111,,
D.Turner,LV,WR,10,0.0,0.0,0.0,0.0,0.0,5.0,33.0,1.0,29.0,16.0,158.0,1.0,0.0,0.0,47.1,,6.6,9.875,,
J.Meyers,LV,WR,15,0.0,0.0,0.0,0.0,0.0,2.0,23.0,0.0,129.0,87.0,1027.0,4.0,0.0,1.0,218.0,,11.5,11.804597701149426,,
K.Wilkerson,LV,WR,1,0.0,0.0,0.0,0.0,0.0,0.0,0.0,0.0,3.0,2.0,18.0,1.0,0.0,0.0,9.8,,,9.0,,
R.Keyton,LV,WR,2,0.0,0.0,0.0,0.0,0.0,0.0,0.0,0.0,3.0,1.0,7.0,0.0,0.0,0.0,1.7,,,7.0,,
T.Marshall,LV,WR,5,0.0,0.0,0.0,0.0,0.0,0.0,0.0,0.0,6.0,3.0,41.0,0.0,0.0,0.0,7.1,,,13.666666666666666,,
T.Tucker,LV,WR,17,0.0,0.0,0.0,0.0,0.0,9.0,44.0,1.0,81.0,47.0,539.0,3.0,0.0,0.0,129.3,,4.888888888888889,11.46808510638298,,
A.Ingold,MIA,FB,9,0.0,0.0,0.0,0.0,0.0,10.0,17.0,1.0,12.0,11.0,96.0,0.0,1.0,0.0,26.3,,1.7,8.727272727272727,,
S.Thompson,MIA,QB,2,33.0,21.0,187.0,0.0,0.0,1.0,4.0,0.0,0.0,0.0,0.0,0.0,0.0,0.0,7.880000000000001,0.0,4.0,,0.6363636363636364,0.0
T.Boyle,MIA,QB,2,26.0,15.0,153.0,0.0,0.0,2.0,10.0,0.0,0.0,0.0,0.0,0.0,0.0,0.0,7.119999999999999,0.0,5.0,,0.5769230769230769,0.0
T.Huntley,MIA,QB,5,133.0,86.0,829.0,3.0,3.0,26.0,135.0,2.0,0.0,0.0,0.0,0.0,2.0,0.0,60.66,0.0,5.1923076923076925,,0.6466165413533834,0.022556390977443608
T.Tagovailoa,MIA,QB,11,399.0,291.0,2867.0,19.0,7.0,17.0,49.0,0.0,0.0,0.0,0.0,0.0,2.0,2.0,181.57999999999998,0.0,2.8823529411764706,,0.7293233082706767,0.047619047619047616
D.Achane,MIA,RB,17,0.0,0.0,0.0,0.0,0.0,203.0,907.0,6.0,87.0,78.0,592.0,6.0,0.0,0.0,299.9,,4.467980295566503,7.589743589743589,,
J.Wilson,MIA,RB,7,0.0,0.0,0.0,0.0,0.0,16.0,57.0,0.0,3.0,3.0,19.0,0.0,0.0,0.0,10.6,,3.5625,6.333333333333333,,
J.Wright,MIA,RB,13,0.0,0.0,0.0,0.0,0.0,68.0,249.0,0.0,6.0,3.0,8.0,0.0,1.0,0.0,26.7,,3.661764705882353,2.6666666666666665,,
R.Mostert,MIA,RB,12,0.0,0.0,0.0,0.0,0.0,85.0,278.0,2.0,23.0,19.0,161.0,0.0,2.0,0.0,70.9,,3.2705882352941176,8.473684210526315,,
D.Smythe,MIA,TE,13,0.0,0.0,0.0,0.0,0.0,0.0,0.0,0.0,17.0,9.0,53.0,0.0,0.0,0.0,14.3,,,5.888888888888889,,
J.Hill,MIA,TE,11,0.0,0.0,0.0,0.0,0.0,0.0,0.0,0.0,19.0,12.0,100.0,0.0,0.0,0.0,22.0,,,8.333333333333334,,
J.Smith,MIA,TE,17,0.0,0.0,0.0,0.0,0.0,2.0,-1.0,0.0,111.0,88.0,884.0,8.0,0.0,0.0,222.3,,-0.5,10.045454545454545,,
B.Berrios,MIA,WR,3,0.0,0.0,0.0,0.0,0.0,0.0,0.0,0.0,4.0,0.0,0.0,0.0,0.0,0.0,0.0,,,,,
D.Eskridge,MIA,WR,3,0.0,0.0,0.0,0.0,0.0,0.0,0.0,0.0,3.0,3.0,44.0,0.0,0.0,0.0,7.4,,,14.666666666666666,,
E.Ezukanma,MIA,WR,1,0.0,0.0,0.0,0.0,0.0,0.0,0.0,0.0,2.0,0.0,0.0,0.0,0.0,0.0,0.0,,,,,
G.DuBose,MIA,WR,2,0.0,0.0,0.0,0.0,0.0,0.0,0.0,0.0,4.0,2.0,11.0,0.0,0.0,0.0,3.0999999999999996,,,5.5,,
J.Waddle,MIA,WR,15,0.0,0.0,0.0,0.0,0.0,4.0,12.0,0.0,83.0,58.0,744.0,2.0,0.0,2.0,149.6,,3.0,12.827586206896552,,
M.Washington,MIA,WR,12,0.0,0.0,0.0,0.0,0.0,5.0,25.0,1.0,36.0,26.0,223.0,0.0,0.0,0.0,56.8,,5.0,8.576923076923077,,
O.Beckham,MIA,WR,8,0.0,0.0,0.0,0.0,0.0,0.0,0.0,0.0,19.0,9.0,55.0,0.0,0.0,0.0,14.5,,,6.111111111111111,,
R.Chosen,MIA,WR,1,0.0,0.0,0.0,0.0,0.0,0.0,0.0,0.0,4.0,1.0,5.0,0.0,0.0,0.0,1.5,,,5.0,,
R.Cracraft,MIA,WR,4,0.0,0.0,0.0,0.0,0.0,0.0,0.0,0.0,9.0,7.0,66.0,0.0,0.0,0.0,13.6,,,9.428571428571429,,
T.Conner,MIA,WR,2,0.0,0.0,0.0,0.0,0.0,0.0,0.0,0.0,4.0,3.0,16.0,0.0,0.0,0.0,4.6,,,5.333333333333333,,
T.Hill,MIA,WR,17,0.0,0.0,0.0,0.0,0.0,8.0,53.0,0.0,122.0,81.0,959.0,6.0,0.0,0.0,218.2,,6.625,11.839506172839506,,
C.Ham,MIN,FB,5,0.0,0.0,0.0,0.0,0.0,2.0,10.0,1.0,6.0,5.0,35.0,0.0,0.0,0.0,13.5,,5.0,7.0,,
N.Mullens,MIN,QB,4,2.0,2.0,38.0,0.0,0.0,3.0,-2.0,0.0,0.0,0.0,0.0,0.0,0.0,0.0,1.32,0.0,-0.6666666666666666,,1.0,0.0
S.Darnold,MIN,QB,17,545.0,361.0,4319.0,35.0,12.0,67.0,212.0,1.0,0.0,0.0,0.0,0.0,4.0,0.0,307.96,0.0,3.1641791044776117,,0.6623853211009174,0.06422018348623854
A.Jones,MIN,RB,17,0.0,0.0,0.0,0.0,0.0,255.0,1138.0,5.0,62.0,51.0,408.0,2.0,1.0,0.0,241.6,,4.462745098039216,8.0,,
C.Akers,MIN,RB,10,0.0,0.0,0.0,0.0,0.0,64.0,297.0,1.0,11.0,10.0,52.0,2.0,0.0,0.0,62.9,,4.640625,5.2,,
M.Gaskin,MIN,RB,2,0.0,0.0,0.0,0.0,0.0,3.0,-1.0,0.0,1.0,1.0,11.0,0.0,0.0,0.0,1.9999999999999998,,-0.3333333333333333,11.0,,
T.Chandler,MIN,RB,10,0.0,0.0,0.0,0.0,0.0,56.0,182.0,0.0,6.0,6.0,42.0,0.0,0.0,0.0,28.4,,3.25,7.0,,
J.Mundt,MIN,TE,13,0.0,0.0,0.0,0.0,0.0,0.0,0.0,0.0,27.0,19.0,142.0,2.0,0.0,0.0,45.199999999999996,,,7.473684210526316,,
J.Oliver,MIN,TE,11,0.0,0.0,0.0,0.0,0.0,0.0,0.0,0.0,28.0,22.0,258.0,3.0,0.0,0.0,65.8,,,11.727272727272727,,
T.Hockenson,MIN,TE,10,0.0,0.0,0.0,0.0,0.0,0.0,0.0,0.0,62.0,41.0,455.0,0.0,0.0,0.0,86.5,,,11.097560975609756,,
B.Powell,MIN,WR,7,0.0,0.0,0.0,0.0,0.0,0.0,0.0,0.0,10.0,7.0,71.0,0.0,0.0,0.0,14.1,,,10.142857142857142,,
J.Addison,MIN,WR,15,0.0,0.0,0.0,0.0,0.0,3.0,20.0,1.0,99.0,63.0,875.0,9.0,0.0,0.0,212.5,,6.666666666666667,13.88888888888889,,
J.Jefferson,MIN,WR,17,1.0,1.0,22.0,0.0,0.0,1.0,3.0,0.0,154.0,103.0,1533.0,10.0,0.0,0.0,317.48,154.0,3.0,14.883495145631068,1.0,0.0
J.Nailor,MIN,WR,15,0.0,0.0,0.0,0.0,0.0,3.0,-4.0,0.0,42.0,28.0,414.0,6.0,0.0,0.0,105.0,,-1.3333333333333333,14.785714285714286,,
T.Sherfield,MIN,WR,8,0.0,0.0,0.0,0.0,0.0,0.0,0.0,0.0,9.0,8.0,83.0,1.0,0.0,0.0,22.3,,,10.375,,
D.Maye,NE,QB,13,338.0,225.0,2276.0,15.0,10.0,54.0,421.0,2.0,0.0,0.0,0.0,0.0,6.0,2.0,177.14000000000001,0.0,7.796296296296297,,0.665680473372781,0.04437869822485207
J.Brissett,NE,QB,7,161.0,95.0,826.0,2.0,1.0,15.0,62.0,0.0,0.0,0.0,0.0,0.0,1.0,1.0,45.24,0.0,4.133333333333334,,0.5900621118012422,0.012422360248447204
J.Milton,NE,QB,1,29.0,22.0,241.0,1.0,0.0,10.0,16.0,1.0,0.0,0.0,0.0,0.0,1.0,0.0,19.24,0.0,1.6,,0.7586206896551724,0.034482758620689655
A.Gibson,NE,RB,17,0.0,0.0,0.0,0.0,0.0,120.0,538.0,1.0,29.0,23.0,206.0,0.0,0.0,0.0,103.4,,4.483333333333333,8.956521739130435,,
J.Hasty,NE,RB,9,0.0,0.0,0.0,0.0,0.0,20.0,69.0,0.0,12.0,10.0,59.0,1.0,0.0,0.0,28.8,,3.45,5.9,,
R.Stevenson,NE,RB,15,0.0,0.0,0.0,0.0,0.0,207.0,801.0,7.0,41.0,33.0,168.0,1.0,3.0,2.0,175.9,,3.869565217391304,5.090909090909091,,
T.Jennings,NE,RB,2,0.0,0.0,0.0,0.0,0.0,13.0,33.0,0.0,1.0,0.0,0.0,0.0,0.0,0.0,3.3,,2.5384615384615383,,,
A.Hooper,NE,TE,17,0.0,0.0,0.0,0.0,0.0,0.0,0.0,0.0,59.0,45.0,476.0,3.0,0.0,0.0,108.6,,,10.577777777777778,,
H.Henry,NE,TE,16,0.0,0.0,0.0,0.0,0.0,0.0,0.0,0.0,97.0,66.0,674.0,2.0,0.0,0.0,145.4,,,10.212121212121213,,
J.Bell,NE,TE,3,0.0,0.0,0.0,0.0,0.0,0.0,0.0,0.0,3.0,2.0,20.0,0.0,0.0,0.0,4.0,,,10.0,,
D.Douglas,NE,WR,16,0.0,0.0,0.0,0.0,0.0,3.0,16.0,0.0,87.0,66.0,621.0,3.0,0.0,0.0,147.7,,5.333333333333333,9.409090909090908,,
J.Baker,NE,WR,4,0.0,0.0,0.0,0.0,0.0,0.0,0.0,0.0,4.0,1.0,12.0,0.0,0.0,0.0,2.2,,,12.0,,
J.Polk,NE,WR,13,0.0,0.0,0.0,0.0,0.0,1.0,0.0,0.0,33.0,12.0,87.0,2.0,0.0,0.0,32.699999999999996,,0.0,7.25,,
K.Bourne,NE,WR,12,1.0,0.0,0.0,0.0,0.0,1.0,6.0,0.0,38.0,28.0,305.0,1.0,0.0,0.0,65.1,38.0,6.0,10.892857142857142,0.0,0.0
K.Boutte,NE,WR,15,0.0,0.0,0.0,0.0,0.0,0.0,0.0,0.0,68.0,43.0,589.0,3.0,0.0,1.0,121.89999999999999,,,13.69767441860465,,
K.Osborn,NE,WR,6,0.0,0.0,0.0,0.0,0.0,0.0,0.0,0.0,18.0,7.0,57.0,1.0,0.0,0.0,18.7,,,8.142857142857142,,
T.Thornton,NE,WR,4,0.0,0.0,0.0,0.0,0.0,0.0,0.0,0.0,8.0,4.0,47.0,0.0,0.0,0.0,8.7,,,11.75,,
A.Prentice,NO,FB,4,0.0,0.0,0.0,0.0,0.0,0.0,0.0,0.0,4.0,0.0,0.0,0.0,0.0,0.0,0.0,,,,,
D.Carr,NO,QB,10,279.0,189.0,2145.0,15.0,5.0,17.0,71.0,1.0,0.0,0.0,0.0,0.0,0.0,1.0,150.9,0.0,4.176470588235294,,0.6774193548387096,0.053763440860215055
J.Haener,NO,QB,8,39.0,18.0,226.0,1.0,1.0,11.0,22.0,0.0,0.0,0.0,0.0,0.0,0.0,0.0,13.24,0.0,2.0,,0.46153846153846156,0.02564102564102564
S.Rattler,NO,QB,7,228.0,130.0,1317.0,4.0,5.0,18.0,146.0,0.0,0.0,0.0,0.0,0.0,3.0,0.0,67.28,0.0,8.11111111111111,,0.5701754385964912,0.017543859649122806
A.Kamara,NO,RB,14,0.0,0.0,0.0,0.0,0.0,228.0,950.0,6.0,89.0,68.0,543.0,2.0,0.0,0.0,265.3,,4.166666666666667,7.985294117647059,,
C.Edwards-Helaire,NO,RB,2,0.0,0.0,0.0,0.0,0.0,13.0,46.0,0.0,5.0,3.0,24.0,0.0,0.0,0.0,10.0,,3.5384615384615383,8.0,,
J.Mims,NO,RB,7,0.0,0.0,0.0,0.0,0.0,20.0,70.0,0.0,18.0,12.0,71.0,0.0,0.0,0.0,26.099999999999998,,3.5,5.916666666666667,,
J.Williams,NO,RB,13,0.0,0.0,0.0,0.0,0.0,48.0,164.0,1.0,11.0,9.0,57.0,0.0,0.0,0.0,37.1,,3.4166666666666665,6.333333333333333,,
K.Miller,NO,RB,6,0.0,0.0,0.0,0.0,0.0,39.0,148.0,1.0,8.0,5.0,33.0,0.0,0.0,0.0,29.099999999999998,,3.7948717948717947,6.6,,
D.Holker,NO,TE,2,0.0,0.0,0.0,0.0,0.0,0.0,0.0,0.0,4.0,3.0,21.0,0.0,0.0,0.0,5.1,,,7.0,,
F.Moreau,NO,TE,15,0.0,0.0,0.0,0.0,0.0,0.0,0.0,0.0,43.0,32.0,413.0,5.0,0.0,0.0,103.3,,,12.90625,,
J.Johnson,NO,TE,15,0.0,0.0,0.0,0.0,0.0,0.0,0.0,0.0,66.0,50.0,548.0,3.0,0.0,0.0,122.8,,,10.96,,
T.Hill,NO,TE,8,4.0,2.0,21.0,0.0,1.0,39.0,278.0,6.0,31.0,23.0,187.0,0.0,0.0,0.0,102.34,7.75,7.128205128205129,8.130434782608695,0.5,0.0
B.Means,NO,WR,4,0.0,0.0,0.0,0.0,0.0,0.0,0.0,0.0,15.0,9.0,118.0,1.0,0.0,0.0,26.8,,,13.11111111111111,,
C.Olave,NO,WR,8,0.0,0.0,0.0,0.0,0.0,1.0,7.0,0.0,44.0,32.0,400.0,1.0,0.0,0.0,76.7,,7.0,12.5,,
C.Wilson,NO,WR,10,1.0,1.0,21.0,1.0,0.0,0.0,0.0,0.0,27.0,20.0,211.0,1.0,0.0,0.0,51.94,27.0,,10.55,1.0,1.0
D.Pettis,NO,WR,8,0.0,0.0,0.0,0.0,0.0,0.0,0.0,0.0,28.0,12.0,120.0,1.0,0.0,1.0,32.0,,,10.0,,
J.Jackson,NO,WR,1,0.0,0.0,0.0,0.0,0.0,1.0,-1.0,0.0,0.0,0.0,0.0,0.0,0.0,0.0,-0.1,,-1.0,,,
K.Austin,NO,WR,8,0.0,0.0,0.0,0.0,0.0,1.0,9.0,0.0,22.0,11.0,151.0,0.0,0.0,0.0,27.0,,9.0,13.727272727272727,,
M.Tipton,NO,WR,9,0.0,0.0,0.0,0.0,0.0,0.0,0.0,0.0,26.0,14.0,99.0,0.0,0.0,0.0,23.9,,,7.071428571428571,,
M.Valdes-Scantling,NO,WR,8,0.0,0.0,0.0,0.0,0.0,1.0,4.0,0.0,35.0,17.0,385.0,4.0,0.0,0.0,79.89999999999999,,4.0,22.647058823529413,,
R.Shaheed,NO,WR,6,0.0,0.0,0.0,0.0,0.0,6.0,29.0,0.0,41.0,20.0,349.0,3.0,0.0,0.0,81.8,,4.833333333333333,17.45,,
D.Jones,NYG,QB,10,341.0,216.0,2070.0,8.0,7.0,67.0,265.0,2.0,0.0,0.0,0.0,0.0,2.0,0.0,135.3,0.0,3.955223880597015,,0.6334310850439883,0.02346041055718475
D.Lock,NYG,QB,7,181.0,107.0,1071.0,6.0,5.0,18.0,133.0,2.0,0.0,0.0,0.0,0.0,2.0,1.0,80.14,0.0,7.388888888888889,,0.5911602209944752,0.03314917127071823
T.Boyle,NYG,QB,1,24.0,12.0,123.0,1.0,1.0,1.0,-1.0,0.0,0.0,0.0,0.0,0.0,0.0,0.0,6.82,0.0,-1.0,,0.5,0.041666666666666664
T.DeVito,NYG,QB,2,44.0,31.0,257.0,0.0,0.0,8.0,32.0,0.0,0.0,0.0,0.0,0.0,0.0,0.0,13.48,0.0,4.0,,0.7045454545454546,0.0
D.Singletary,NYG,RB,15,0.0,0.0,0.0,0.0,0.0,113.0,437.0,4.0,24.0,21.0,119.0,0.0,2.0,0.0,96.6,,3.8672566371681416,5.666666666666667,,
E.Gray,NYG,RB,10,0.0,0.0,0.0,0.0,0.0,14.0,31.0,0.0,11.0,10.0,82.0,0.0,1.0,0.0,19.3,,2.2142857142857144,8.2,,
T.Tracy,NYG,RB,17,0.0,0.0,0.0,0.0,0.0,192.0,839.0,5.0,53.0,38.0,284.0,1.0,2.0,0.0,182.3,,4.369791666666667,7.473684210526316,,
C.Manhertz,NYG,TE,4,0.0,0.0,0.0,0.0,0.0,0.0,0.0,0.0,4.0,3.0,30.0,1.0,0.0,0.0,12.0,,,10.0,,
D.Bellinger,NYG,TE,7,0.0,0.0,0.0,0.0,0.0,0.0,0.0,0.0,17.0,14.0,125.0,0.0,0.0,0.0,26.5,,,8.928571428571429,,
T.Johnson,NYG,TE,10,0.0,0.0,0.0,0.0,0.0,0.0,0.0,0.0,43.0,29.0,331.0,1.0,0.0,0.0,68.1,,,11.413793103448276,,
B.Ford-Wheaton,NYG,WR,1,0.0,0.0,0.0,0.0,0.0,0.0,0.0,0.0,0.0,0.0,0.0,0.0,0.0,0.0,6.0,,,,,
D.Slayton,NYG,WR,16,0.0,0.0,0.0,0.0,0.0,2.0,17.0,0.0,71.0,39.0,573.0,2.0,0.0,0.0,110.0,,8.5,14.692307692307692,,
I.Hodgins,NYG,WR,2,0.0,0.0,0.0,0.0,0.0,0.0,0.0,0.0,2.0,2.0,12.0,0.0,0.0,0.0,3.2,,,6.0,,
I.Smith-Marsette,NYG,WR,1,0.0,0.0,0.0,0.0,0.0,0.0,0.0,0.0,0.0,0.0,0.0,0.0,0.0,0.0,6.0,,,,,
J.Hyatt,NYG,WR,10,0.0,0.0,0.0,0.0,0.0,0.0,0.0,0.0,19.0,8.0,62.0,0.0,0.0,0.0,14.2,,,7.75,,
M.Nabers,NYG,WR,15,1.0,0.0,0.0,0.0,0.0,5.0,2.0,0.0,170.0,109.0,1204.0,7.0,0.0,1.0,273.6,170.0,0.4,11.045871559633028,0.0,0.0
W.Robinson,NYG,WR,17,0.0,0.0,0.0,0.0,0.0,3.0,18.0,0.0,140.0,93.0,699.0,3.0,0.0,0.0,182.70000000000002,,6.0,7.516129032258065,,
A.Rodgers,NYJ,QB,17,584.0,368.0,3897.0,28.0,11.0,22.0,107.0,0.0,0.0,0.0,0.0,0.0,2.0,2.0,256.58,0.0,4.863636363636363,,0.6301369863013698,0.04794520547945205
T.Taylor,NYJ,QB,2,22.0,17.0,119.0,3.0,0.0,3.0,13.0,0.0,0.0,0.0,0.0,0.0,0.0,1.0,20.06,0.0,4.333333333333333,,0.7727272727272727,0.13636363636363635
B.Allen,NYJ,RB,17,0.0,0.0,0.0,0.0,0.0,92.0,334.0,2.0,27.0,19.0,148.0,1.0,0.0,0.0,85.2,,3.630434782608696,7.7894736842105265,,
B.Hall,NYJ,RB,16,0.0,0.0,0.0,0.0,0.0,209.0,876.0,5.0,76.0,57.0,483.0,3.0,1.0,2.0,240.9,,4.1913875598086126,8.473684210526315,,
I.Davis,NYJ,RB,9,0.0,0.0,0.0,0.0,0.0,30.0,174.0,1.0,12.0,9.0,75.0,1.0,0.0,0.0,45.9,,5.8,8.333333333333334,,
K.Nwangwu,NYJ,RB,1,0.0,0.0,0.0,0.0,0.0,0.0,0.0,0.0,0.0,0.0,0.0,0.0,0.0,0.0,6.0,,,,,
J.Ruckert,NYJ,TE,13,0.0,0.0,0.0,0.0,0.0,0.0,0.0,0.0,28.0,18.0,105.0,0.0,0.0,0.0,28.5,,,5.833333333333333,,
K.Yeboah,NYJ,TE,6,0.0,0.0,0.0,0.0,0.0,0.0,0.0,0.0,8.0,5.0,47.0,1.0,0.0,0.0,15.7,,,9.4,,
T.Conklin,NYJ,TE,16,0.0,0.0,0.0,0.0,0.0,1.0,0.0,0.0,72.0,51.0,449.0,4.0,0.0,1.0,121.9,,0.0,8.803921568627452,,
A.Lazard,NYJ,WR,12,1.0,0.0,0.0,0.0,0.0,0.0,0.0,0.0,61.0,37.0,530.0,6.0,0.0,0.0,126.0,61.0,,14.324324324324325,0.0,0.0
D.Adams,NYJ,WR,11,0.0,0.0,0.0,0.0,0.0,0.0,0.0,0.0,114.0,67.0,854.0,7.0,0.0,1.0,196.4,,,12.746268656716419,,
G.Wilson,NYJ,WR,17,0.0,0.0,0.0,0.0,0.0,2.0,5.0,0.0,153.0,101.0,1104.0,7.0,0.0,1.0,251.9,,2.5,10.930693069306932,,
I.Charles,NYJ,WR,1,0.0,0.0,0.0,0.0,0.0,0.0,0.0,0.0,1.0,0.0,0.0,0.0,0.0,0.0,0.0,,,,,
M.Corley,NYJ,WR,5,0.0,0.0,0.0,0.0,0.0,2.0,26.0,0.0,6.0,3.0,16.0,0.0,0.0,0.0,7.2,,13.0,5.333333333333333,,
M.Williams,NYJ,WR,7,0.0,0.0,0.0,0.0,0.0,0.0,0.0,0.0,21.0,12.0,166.0,0.0,0.0,0.0,28.6,,,13.833333333333334,,
X.Gipson,NYJ,WR,7,0.0,0.0,0.0,0.0,0.0,1.0,5.0,0.0,10.0,6.0,39.0,1.0,0.0,0.0,16.4,,5.0,6.5,,
B.VanSumeren,PHI,FB,1,0.0,0.0,0.0,0.0,0.0,0.0,0.0,0.0,1.0,1.0,0.0,0.0,0.0,0.0,1.0,,,0.0,,
J.Hurts,PHI,QB,15,361.0,248.0,2903.0,18.0,5.0,150.0,630.0,14.0,0.0,0.0,0.0,0.0,5.0,0.0,315.12,0.0,4.2,,0.6869806094182825,0.04986149584487535
K.Pickett,PHI,QB,5,42.0,25.0,291.0,2.0,1.0,9.0,15.0,1.0,0.0,0.0,0.0,0.0,0.0,0.0,25.14,0.0,1.6666666666666667,,0.5952380952380952,0.047619047619047616
T.McKee,PHI,QB,2,45.0,30.0,323.0,4.0,0.0,5.0,-1.0,0.0,0.0,0.0,0.0,0.0,0.0,0.0,28.82,0.0,-0.2,,0.6666666666666666,0.08888888888888889
K.Gainwell,PHI,RB,16,0.0,0.0,0.0,0.0,0.0,75.0,290.0,1.0,22.0,16.0,116.0,0.0,0.0,0.0,62.6,,3.8666666666666667,7.25,,
S.Barkley,PHI,RB,16,0.0,0.0,0.0,0.0,0.0,345.0,2005.0,13.0,43.0,33.0,278.0,2.0,1.0,3.0,355.3,,5.811594202898551,8.424242424242424,,
T.Davis-Price,PHI,RB,1,0.0,0.0,0.0,0.0,0.0,3.0,7.0,0.0,0.0,0.0,0.0,0.0,0.0,0.0,0.7,,2.3333333333333335,,,
W.Shipley,PHI,RB,5,0.0,0.0,0.0,0.0,0.0,30.0,82.0,0.0,4.0,4.0,35.0,0.0,0.0,0.0,15.7,,2.7333333333333334,8.75,,
D.Goedert,PHI,TE,10,0.0,0.0,0.0,0.0,0.0,0.0,0.0,0.0,52.0,42.0,496.0,2.0,0.0,0.0,103.6,,,11.80952380952381,,
E.Jenkins,PHI,TE,2,0.0,0.0,0.0,0.0,0.0,0.0,0.0,0.0,2.0,1.0,7.0,1.0,0.0,0.0,7.7,,,7.0,,
G.Calcaterra,PHI,TE,13,0.0,0.0,0.0,0.0,0.0,0.0,0.0,0.0,30.0,24.0,298.0,1.0,0.0,0.0,59.8,,,12.416666666666666,,
J.Stoll,PHI,TE,2,0.0,0.0,0.0,0.0,0.0,0.0,0.0,0.0,3.0,2.0,10.0,0.0,0.0,0.0,3.0,,,5.0,,
A.Brown,PHI,WR,13,0.0,0.0,0.0,0.0,0.0,0.0,0.0,0.0,97.0,67.0,1079.0,7.0,0.0,0.0,216.9,,,16.104477611940297,,
A.Smith,PHI,WR,3,0.0,0.0,0.0,0.0,0.0,2.0,6.0,0.0,9.0,7.0,41.0,1.0,0.0,0.0,17.7,,3.0,5.857142857142857,,
B.Covey,PHI,WR,3,0.0,0.0,0.0,0.0,0.0,0.0,0.0,0.0,8.0,7.0,34.0,0.0,0.0,0.0,10.4,,,4.857142857142857,,
D.Smith,PHI,WR,13,0.0,0.0,0.0,0.0,0.0,1.0,1.0,0.0,89.0,68.0,833.0,8.0,0.0,0.0,199.4,,1.0,12.25,,
J.Dotson,PHI,WR,14,0.0,0.0,0.0,0.0,0.0,1.0,13.0,0.0,33.0,19.0,216.0,0.0,0.0,0.0,41.9,,13.0,11.368421052631579,,
J.Ross,PHI,WR,1,0.0,0.0,0.0,0.0,0.0,0.0,0.0,0.0,2.0,1.0,6.0,0.0,0.0,0.0,1.6,,,6.0,,
J.Wilson,PHI,WR,9,0.0,0.0,0.0,0.0,0.0,0.0,0.0,0.0,15.0,5.0,38.0,1.0,0.0,0.0,14.8,,,7.6,,
P.Campbell,PHI,WR,4,0.0,0.0,0.0,0.0,0.0,0.0,0.0,0.0,8.0,6.0,30.0,1.0,0.0,0.0,15.0,,,5.0,,
J.Fields,PIT,QB,10,161.0,106.0,1106.0,5.0,1.0,62.0,289.0,5.0,0.0,0.0,0.0,0.0,1.0,0.0,119.14,0.0,4.661290322580645,,0.6583850931677019,0.031055900621118012
K.Allen,PIT,QB,1,1.0,1.0,19.0,0.0,0.0,0.0,0.0,0.0,0.0,0.0,0.0,0.0,0.0,0.0,0.76,0.0,,,1.0,0.0
R.Wilson,PIT,QB,11,336.0,214.0,2482.0,16.0,5.0,43.0,155.0,2.0,0.0,0.0,0.0,0.0,4.0,0.0,172.78,0.0,3.604651162790698,,0.6369047619047619,0.047619047619047616
A.Shampklin,PIT,RB,3,0.0,0.0,0.0,0.0,0.0,6.0,17.0,0.0,0.0,0.0,0.0,0.0,0.0,0.0,1.7,,2.8333333333333335,,,
C.Patterson,PIT,RB,13,0.0,0.0,0.0,0.0,0.0,32.0,135.0,0.0,14.0,12.0,80.0,1.0,1.0,0.0,37.5,,4.21875,6.666666666666667,,
J.Ward,PIT,RB,2,0.0,0.0,0.0,0.0,0.0,5.0,22.0,0.0,0.0,0.0,0.0,0.0,0.0,0.0,2.2,,4.4,,,
J.Warren,PIT,RB,15,0.0,0.0,0.0,0.0,0.0,120.0,511.0,1.0,47.0,38.0,310.0,0.0,1.0,0.0,124.1,,4.258333333333334,8.157894736842104,,
N.Harris,PIT,RB,17,0.0,0.0,0.0,0.0,0.0,263.0,1043.0,6.0,48.0,36.0,283.0,0.0,0.0,0.0,204.6,,3.9657794676806084,7.861111111111111,,
C.Heyward,PIT,TE,5,0.0,0.0,0.0,0.0,0.0,0.0,0.0,0.0,8.0,6.0,40.0,1.0,0.0,0.0,16.0,,,6.666666666666667,,
D.Washington,PIT,TE,13,0.0,0.0,0.0,0.0,0.0,0.0,0.0,0.0,25.0,19.0,200.0,1.0,0.0,0.0,45.0,,,10.526315789473685,,
M.Pruitt,PIT,TE,6,0.0,0.0,0.0,0.0,0.0,0.0,0.0,0.0,10.0,6.0,40.0,1.0,0.0,0.0,16.0,,,6.666666666666667,,
P.Freiermuth,PIT,TE,17,0.0,0.0,0.0,0.0,0.0,0.0,0.0,0.0,78.0,65.0,653.0,7.0,0.0,0.0,168.3,,,10.046153846153846,,
B.Johnson,PIT,WR,1,0.0,0.0,0.0,0.0,0.0,0.0,0.0,0.0,1.0,1.0,9.0,0.0,0.0,0.0,1.9,,,9.0,,
B.Skowronek,PIT,WR,4,0.0,0.0,0.0,0.0,0.0,0.0,0.0,0.0,5.0,5.0,69.0,0.0,0.0,0.0,11.9,,,13.8,,
C.Austin,PIT,WR,17,0.0,0.0,0.0,0.0,0.0,0.0,0.0,0.0,58.0,36.0,548.0,4.0,0.0,0.0,120.8,,,15.222222222222221,,
G.Pickens,PIT,WR,14,0.0,0.0,0.0,0.0,0.0,2.0,-6.0,0.0,103.0,59.0,900.0,3.0,0.0,0.0,164.4,,-3.0,15.254237288135593,,
M.Williams,PIT,WR,6,0.0,0.0,0.0,0.0,0.0,0.0,0.0,0.0,13.0,9.0,132.0,1.0,0.0,0.0,28.2,,,14.666666666666666,,
S.Miller,PIT,WR,4,0.0,0.0,0.0,0.0,0.0,0.0,0.0,0.0,9.0,5.0,69.0,0.0,0.0,0.0,11.899999999999999,,,13.8,,
V.Jefferson,PIT,WR,15,0.0,0.0,0.0,0.0,0.0,0.0,0.0,0.0,40.0,24.0,276.0,2.0,0.0,0.0,63.6,,,11.5,,
G.Smith,SEA,QB,17,578.0,407.0,4320.0,21.0,15.0,53.0,272.0,2.0,0.0,0.0,0.0,0.0,0.0,0.0,266.0,0.0,5.132075471698113,,0.7041522491349481,0.03633217993079585
S.Howell,SEA,QB,1,14.0,5.0,24.0,0.0,1.0,1.0,2.0,0.0,0.0,0.0,0.0,0.0,0.0,0.0,-0.84,0.0,2.0,,0.35714285714285715,0.0
G.Holani,SEA,RB,2,0.0,0.0,0.0,0.0,0.0,3.0,10.0,0.0,1.0,1.0,-1.0,0.0,0.0,0.0,1.9,,3.3333333333333335,-1.0,,
K.McIntosh,SEA,RB,7,0.0,0.0,0.0,0.0,0.0,31.0,172.0,0.0,4.0,3.0,22.0,0.0,0.0,0.0,22.4,,5.548387096774194,7.333333333333333,,
K.Walker,SEA,RB,11,0.0,0.0,0.0,0.0,0.0,153.0,573.0,7.0,53.0,46.0,299.0,1.0,0.0,0.0,181.2,,3.7450980392156863,6.5,,
Z.Charbonnet,SEA,RB,17,0.0,0.0,0.0,0.0,0.0,135.0,569.0,8.0,52.0,42.0,308.0,1.0,0.0,0.0,183.7,,4.214814814814815,7.333333333333333,,
A.Barner,SEA,TE,14,0.0,0.0,0.0,0.0,0.0,0.0,0.0,0.0,38.0,30.0,245.0,4.0,0.0,0.0,78.5,,,8.166666666666666,,
N.Fant,SEA,TE,14,0.0,0.0,0.0,0.0,0.0,0.0,0.0,0.0,64.0,48.0,500.0,1.0,0.0,0.0,104.0,,,10.416666666666666,,
P.Brown,SEA,TE,8,0.0,0.0,0.0,0.0,0.0,0.0,0.0,0.0,12.0,8.0,65.0,0.0,0.0,0.0,12.5,,,8.125,,
C.White,SEA,WR,1,0.0,0.0,0.0,0.0,0.0,0.0,0.0,0.0,3.0,2.0,44.0,0.0,0.0,0.0,6.4,,,22.0,,
D.Metcalf,SEA,WR,15,0.0,0.0,0.0,0.0,0.0,0.0,0.0,0.0,108.0,66.0,992.0,5.0,0.0,0.0,191.2,,,15.030303030303031,,
D.Young,SEA,WR,1,0.0,0.0,0.0,0.0,0.0,0.0,0.0,0.0,1.0,0.0,0.0,0.0,0.0,0.0,0.0,,,,,
J.Bobo,SEA,WR,11,0.0,0.0,0.0,0.0,0.0,0.0,0.0,0.0,17.0,13.0,107.0,1.0,0.0,0.0,29.7,,,8.23076923076923,,
J.Smith-Njigba,SEA,WR,17,1.0,1.0,35.0,0.0,0.0,5.0,26.0,0.0,137.0,100.0,1130.0,6.0,0.0,0.0,253.0,137.0,5.2,11.3,1.0,0.0
L.Shenault,SEA,WR,6,0.0,0.0,0.0,0.0,0.0,1.0,1.0,0.0,5.0,5.0,36.0,0.0,0.0,0.0,14.7,,1.0,7.2,,
T.Lockett,SEA,WR,17,0.0,0.0,0.0,0.0,0.0,0.0,0.0,0.0,74.0,49.0,600.0,2.0,0.0,0.0,121.0,,,12.244897959183673,,
K.Juszczyk,SF,FB,14,0.0,0.0,0.0,0.0,0.0,5.0,26.0,1.0,31.0,19.0,200.0,2.0,1.0,0.0,57.6,,5.2,10.526315789473685,,
B.Allen,SF,QB,3,30.0,17.0,199.0,1.0,2.0,3.0,4.0,0.0,0.0,0.0,0.0,0.0,1.0,0.0,6.360000000000001,0.0,1.3333333333333333,,0.5666666666666667,0.03333333333333333
B.Purdy,SF,QB,15,455.0,300.0,3864.0,20.0,12.0,66.0,323.0,5.0,0.0,0.0,0.0,0.0,3.0,0.0,266.86,0.0,4.893939393939394,,0.6593406593406593,0.04395604395604396
J.Dobbs,SF,QB,2,47.0,32.0,361.0,2.0,2.0,9.0,24.0,2.0,0.0,0.0,0.0,0.0,1.0,0.0,30.839999999999996,0.0,2.6666666666666665,,0.6808510638297872,0.0425531914893617
C.McCaffrey,SF,RB,4,0.0,0.0,0.0,0.0,0.0,50.0,202.0,0.0,19.0,15.0,146.0,0.0,0.0,0.0,47.8,,4.04,9.733333333333333,,
I.Guerendo,SF,RB,13,0.0,0.0,0.0,0.0,0.0,84.0,420.0,4.0,16.0,15.0,152.0,0.0,0.0,0.0,96.2,,5.0,10.133333333333333,,
J.Mason,SF,RB,12,0.0,0.0,0.0,0.0,0.0,153.0,789.0,3.0,14.0,11.0,91.0,0.0,1.0,0.0,115.0,,5.1568627450980395,8.272727272727273,,
K.Vaughn,SF,RB,1,0.0,0.0,0.0,0.0,0.0,2.0,4.0,0.0,0.0,0.0,0.0,0.0,0.0,0.0,0.4,,2.0,,,
P.Taylor,SF,RB,5,0.0,0.0,0.0,0.0,0.0,39.0,183.0,1.0,11.0,3.0,25.0,0.0,0.0,0.0,29.8,,4.6923076923076925,8.333333333333334,,
B.Willis,SF,TE,1,0.0,0.0,0.0,0.0,0.0,0.0,0.0,0.0,2.0,0.0,0.0,0.0,0.0,0.0,0.0,,,,,
E.Saubert,SF,TE,8,0.0,0.0,0.0,0.0,0.0,0.0,0.0,0.0,14.0,11.0,97.0,1.0,0.0,0.0,26.7,,,8.818181818181818,,
G.Kittle,SF,TE,15,0.0,0.0,0.0,0.0,0.0,0.0,0.0,0.0,94.0,78.0,1106.0,8.0,0.0,0.0,236.6,,,14.179487179487179,,
B.Aiyuk,SF,WR,7,0.0,0.0,0.0,0.0,0.0,0.0,0.0,0.0,47.0,25.0,374.0,0.0,0.0,0.0,62.4,,,14.96,,
C.Conley,SF,WR,7,0.0,0.0,0.0,0.0,0.0,0.0,0.0,0.0,12.0,6.0,76.0,0.0,0.0,0.0,13.6,,,12.666666666666666,,
D.Samuel,SF,WR,14,0.0,0.0,0.0,0.0,0.0,42.0,136.0,1.0,81.0,51.0,670.0,3.0,0.0,0.0,155.6,,3.238095238095238,13.137254901960784,,
J.Cowing,SF,WR,3,0.0,0.0,0.0,0.0,0.0,1.0,7.0,0.0,6.0,4.0,80.0,0.0,0.0,0.0,12.7,,7.0,20.0,,
J.Jennings,SF,WR,15,0.0,0.0,0.0,0.0,0.0,0.0,0.0,0.0,113.0,77.0,975.0,6.0,0.0,0.0,210.5,,,12.662337662337663,,
R.Bell,SF,WR,3,0.0,0.0,0.0,0.0,0.0,0.0,0.0,0.0,6.0,2.0,22.0,0.0,0.0,0.0,4.2,,,11.0,,
R.Pearsall,SF,WR,10,1.0,0.0,0.0,0.0,0.0,3.0,45.0,0.0,46.0,31.0,400.0,3.0,0.0,0.0,93.5,46.0,15.0,12.903225806451612,0.0,0.0
T.Taylor,SF,WR,1,0.0,0.0,0.0,0.0,0.0,0.0,0.0,0.0,1.0,1.0,11.0,0.0,0.0,0.0,2.1,,,11.0,,
B.Mayfield,TB,QB,17,570.0,407.0,4500.0,41.0,16.0,60.0,378.0,3.0,0.0,0.0,0.0,0.0,2.0,1.0,365.8,0.0,6.3,,0.7140350877192982,0.07192982456140351
K.Trask,TB,QB,3,1.0,1.0,5.0,0.0,0.0,5.0,-4.0,0.0,0.0,0.0,0.0,0.0,0.0,0.0,-0.2,0.0,-0.8,,1.0,0.0
B.Irving,TB,RB,17,0.0,0.0,0.0,0.0,0.0,207.0,1122.0,8.0,52.0,47.0,392.0,0.0,1.0,0.0,244.4,,5.420289855072464,8.340425531914894,,
R.White,TB,RB,15,0.0,0.0,0.0,0.0,0.0,144.0,613.0,3.0,57.0,51.0,393.0,6.0,2.0,0.0,199.6,,4.256944444444445,7.705882352941177,,
S.Tucker,TB,RB,11,0.0,0.0,0.0,0.0,0.0,50.0,308.0,2.0,12.0,9.0,109.0,1.0,0.0,0.0,68.7,,6.16,12.11111111111111,,
C.Otton,TB,TE,14,0.0,0.0,0.0,0.0,0.0,1.0,-4.0,0.0,87.0,59.0,600.0,4.0,0.0,0.0,140.6,,-4.0,10.169491525423728,,
D.Culp,TB,TE,2,0.0,0.0,0.0,0.0,0.0,0.0,0.0,0.0,6.0,5.0,88.0,0.0,0.0,0.0,13.799999999999999,,,17.6,,
P.Durham,TB,TE,5,0.0,0.0,0.0,0.0,0.0,0.0,0.0,0.0,14.0,11.0,115.0,2.0,0.0,0.0,34.5,,,10.454545454545455,,
C.Godwin,TB,WR,7,0.0,0.0,0.0,0.0,0.0,1.0,2.0,0.0,62.0,50.0,576.0,5.0,0.0,0.0,137.8,,2.0,11.52,,
J.McMillan,TB,WR,13,0.0,0.0,0.0,0.0,0.0,4.0,43.0,0.0,58.0,37.0,461.0,8.0,0.0,0.0,135.4,,10.75,12.45945945945946,,
K.Johnson,TB,WR,3,0.0,0.0,0.0,0.0,0.0,2.0,11.0,0.0,1.0,0.0,0.0,0.0,0.0,0.0,1.1,,5.5,,,
M.Evans,TB,WR,14,0.0,0.0,0.0,0.0,0.0,0.0,0.0,0.0,110.0,74.0,1004.0,11.0,0.0,0.0,240.4,,,13.567567567567568,,
R.Jarrett,TB,WR,6,0.0,0.0,0.0,0.0,0.0,0.0,0.0,0.0,11.0,9.0,124.0,0.0,0.0,0.0,21.400000000000002,,,13.777777777777779,,
R.Miller,TB,WR,8,0.0,0.0,0.0,0.0,0.0,0.0,0.0,0.0,20.0,12.0,128.0,2.0,0.0,0.0,36.8,,,10.666666666666666,,
S.Shepard,TB,WR,13,0.0,0.0,0.0,0.0,0.0,8.0,69.0,0.0,51.0,32.0,334.0,1.0,0.0,1.0,80.3,,8.625,10.4375,,
T.Palmer,TB,WR,10,0.0,0.0,0.0,0.0,0.0,0.0,0.0,0.0,22.0,12.0,172.0,1.0,0.0,0.0,35.2,,,14.333333333333334,,
M.Rudolph,TEN,QB,8,228.0,146.0,1530.0,9.0,9.0,25.0,106.0,1.0,0.0,0.0,0.0,0.0,1.0,1.0,95.8,0.0,4.24,,0.6403508771929824,0.039473684210526314
W.Levis,TEN,QB,12,301.0,190.0,2091.0,13.0,12.0,45.0,183.0,0.0,0.0,0.0,0.0,0.0,6.0,1.0,119.94,0.0,4.066666666666666,,0.6312292358803987,0.04318936877076412
J.Chestnut,TEN,RB,7,0.0,0.0,0.0,0.0,0.0,22.0,102.0,0.0,3.0,2.0,11.0,0.0,0.0,0.0,13.3,,4.636363636363637,5.5,,
J.Kelley,TEN,RB,1,0.0,0.0,0.0,0.0,0.0,1.0,2.0,0.0,0.0,0.0,0.0,0.0,0.0,0.0,0.2,,2.0,,,
T.Pollard,TEN,RB,16,0.0,0.0,0.0,0.0,0.0,260.0,1079.0,5.0,57.0,41.0,238.0,0.0,2.0,1.0,200.7,,4.15,5.804878048780488,,
T.Spears,TEN,RB,12,0.0,0.0,0.0,0.0,0.0,84.0,312.0,4.0,35.0,30.0,224.0,1.0,0.0,0.0,113.6,,3.7142857142857144,7.466666666666667,,
C.Okonkwo,TEN,TE,16,0.0,0.0,0.0,0.0,0.0,1.0,17.0,0.0,70.0,52.0,479.0,2.0,0.0,1.0,113.6,,17.0,9.211538461538462,,
D.Martin-Robinson,TEN,TE,2,0.0,0.0,0.0,0.0,0.0,0.0,0.0,0.0,2.0,1.0,6.0,0.0,0.0,0.0,1.6,,,6.0,,
J.Whyle,TEN,TE,14,0.0,0.0,0.0,0.0,0.0,0.0,0.0,0.0,37.0,28.0,248.0,1.0,0.0,1.0,60.8,,,8.857142857142858,,
N.Vannett,TEN,TE,12,0.0,0.0,0.0,0.0,0.0,0.0,0.0,0.0,20.0,17.0,135.0,3.0,0.0,0.0,48.5,,,7.9411764705882355,,
B.Oliver,TEN,WR,5,0.0,0.0,0.0,0.0,0.0,0.0,0.0,0.0,9.0,6.0,95.0,0.0,0.0,0.0,15.5,,,15.833333333333334,,
C.Ridley,TEN,WR,17,0.0,0.0,0.0,0.0,0.0,8.0,55.0,1.0,120.0,64.0,1017.0,4.0,1.0,0.0,199.20000000000002,,6.875,15.890625,,
D.Hopkins,TEN,WR,6,0.0,0.0,0.0,0.0,0.0,0.0,0.0,0.0,21.0,15.0,173.0,1.0,0.0,0.0,38.3,,,11.533333333333333,,
J.Jackson,TEN,WR,2,0.0,0.0,0.0,0.0,0.0,1.0,-5.0,0.0,3.0,1.0,8.0,0.0,0.0,0.0,1.3,,-5.0,8.0,,
M.Kinsey,TEN,WR,2,0.0,0.0,0.0,0.0,0.0,0.0,0.0,0.0,2.0,2.0,17.0,0.0,0.0,0.0,3.7,,,8.5,,
N.Westbrook-Ikhine,TEN,WR,13,0.0,0.0,0.0,0.0,0.0,0.0,0.0,0.0,60.0,32.0,497.0,9.0,0.0,0.0,135.7,,,15.53125,,
T.Boyd,TEN,WR,15,1.0,0.0,0.0,0.0,0.0,1.0,3.0,0.0,57.0,39.0,390.0,0.0,0.0,0.0,78.3,57.0,3.0,10.0,0.0,0.0
T.Burks,TEN,WR,5,0.0,0.0,0.0,0.0,0.0,2.0,1.0,0.0,8.0,4.0,34.0,0.0,0.0,0.0,7.5,,0.5,8.5,,
T.Martin,TEN,WR,1,0.0,0.0,0.0,0.0,0.0,0.0,0.0,0.0,2.0,1.0,49.0,1.0,0.0,0.0,11.9,,,49.0,,
J.Daniels,WAS,QB,17,480.0,331.0,3568.0,25.0,9.0,148.0,891.0,6.0,0.0,0.0,0.0,0.0,0.0,3.0,355.82,0.0,6.02027027027027,,0.6895833333333333,0.052083333333333336
M.Mariota,WAS,QB,3,44.0,34.0,364.0,4.0,0.0,18.0,92.0,1.0,0.0,0.0,0.0,0.0,0.0,0.0,45.76,0.0,5.111111111111111,,0.7727272727272727,0.09090909090909091
A.Ekeler,WAS,RB,12,0.0,0.0,0.0,0.0,0.0,77.0,367.0,4.0,41.0,35.0,366.0,0.0,0.0,0.0,132.3,,4.766233766233766,10.457142857142857,,
B.Robinson,WAS,RB,14,0.0,0.0,0.0,0.0,0.0,187.0,799.0,8.0,25.0,20.0,159.0,0.0,2.0,0.0,159.79999999999998,,4.2727272727272725,7.95,,
C.Rodriguez,WAS,RB,6,0.0,0.0,0.0,0.0,0.0,35.0,173.0,2.0,1.0,1.0,12.0,0.0,0.0,0.0,31.5,,4.942857142857143,12.0,,
J.McNichols,WAS,RB,14,0.0,0.0,0.0,0.0,0.0,55.0,261.0,4.0,12.0,9.0,27.0,0.0,0.0,1.0,63.8,,4.745454545454545,3.0,,
B.Sinnott,WAS,TE,4,0.0,0.0,0.0,0.0,0.0,0.0,0.0,0.0,5.0,5.0,28.0,1.0,0.0,0.0,13.8,,,5.6,,
J.Bates,WAS,TE,10,0.0,0.0,0.0,0.0,0.0,0.0,0.0,0.0,13.0,8.0,84.0,0.0,0.0,0.0,14.4,,,10.5,,
Z.Ertz,WAS,TE,17,0.0,0.0,0.0,0.0,0.0,0.0,0.0,0.0,91.0,66.0,654.0,7.0,0.0,2.0,177.4,,,9.909090909090908,,
B.Tremayne,WAS,WR,1,0.0,0.0,0.0,0.0,0.0,0.0,0.0,0.0,1.0,1.0,-2.0,0.0,0.0,0.0,0.8,,,-2.0,,
D.Brown,WAS,WR,15,1.0,0.0,0.0,0.0,0.0,3.0,26.0,0.0,40.0,30.0,308.0,1.0,0.0,0.0,67.4,40.0,8.666666666666666,10.266666666666667,0.0,0.0
J.Crowder,WAS,WR,4,0.0,0.0,0.0,0.0,0.0,0.0,0.0,0.0,13.0,9.0,72.0,2.0,0.0,0.0,28.2,,,8.0,,
L.McCaffrey,WAS,WR,12,0.0,0.0,0.0,0.0,0.0,0.0,0.0,0.0,24.0,18.0,168.0,0.0,0.0,0.0,34.8,,,9.333333333333334,,
N.Brown,WAS,WR,11,0.0,0.0,0.0,0.0,0.0,0.0,0.0,0.0,56.0,35.0,453.0,1.0,0.0,0.0,86.3,,,12.942857142857143,,
O.Zaccheaus,WAS,WR,15,0.0,0.0,0.0,0.0,0.0,1.0,8.0,0.0,64.0,45.0,506.0,3.0,0.0,0.0,114.4,,8.0,11.244444444444444,,
T.McLaurin,WAS,WR,17,0.0,0.0,0.0,0.0,0.0,2.0,2.0,0.0,117.0,82.0,1096.0,13.0,1.0,0.0,267.8,,1.0,13.365853658536585,,
