"","player_name","recent_team","pos","g","p_att","cmp","p_yd","p_td","int","car","r_yd","r_td","tgt","rec","rec_yd","rec_td","fmb","tp_c","f_ppr","tgt_share","ypc","ypr","cmp_pct","td_rate"
"1","C.McCoy","ARI","QB",4,132,90,780,1,3,14,36,0,0,0,0,0,0,0,32.8,0,2.57142857142857,NA,0.681818181818182,0.00757575757575758
"2","D.Blough","ARI","QB",2,58,38,402,2,2,4,5,0,0,0,0,0,1,0,18.58,0,1.25,NA,0.655172413793103,0.0344827586206897
"3","K.Murray","ARI","QB",11,390,259,2368,14,7,67,418,3,0,0,0,0,2,4,200.52,0,6.23880597014925,NA,0.664102564102564,0.0358974358974359
"4","T.McSorley","ARI","QB",5,83,45,412,0,5,15,61,0,0,0,0,0,2,0,8.58,0,4.06666666666667,NA,0.542168674698795,0
"5","C.Clement","ARI","RB",4,0,0,0,0,0,15,55,1,7,5,54,0,0,0,21.9,0.0126353790613718,3.66666666666667,10.8,NA,NA
"6","D.Williams","ARI","RB",5,0,0,0,0,0,21,102,1,8,4,9,0,0,0,21.1,0.0144404332129964,4.85714285714286,2.25,NA,NA
"7","E.Benjamin","ARI","RB",9,0,0,0,0,0,70,299,2,33,24,184,0,0,1,86.3,0.0595667870036101,4.27142857142857,7.66666666666667,NA,NA
"8","J.Conner","ARI","RB",13,0,0,0,0,0,183,782,7,58,46,300,1,1,0,200.2,0.104693140794224,4.27322404371585,6.52173913043478,NA,NA
"9","K.Ingram","ARI","RB",10,0,0,0,0,0,27,60,1,5,4,21,0,0,0,18.1,0.00902527075812274,2.22222222222222,5.25,NA,NA
"10","T.Williams","ARI","RB",1,0,0,0,0,0,0,0,0,1,1,5,0,0,0,1.5,0.00180505415162455,NA,5,NA,NA
"11","M.Williams","ARI","TE",2,0,0,0,0,0,0,0,0,3,3,18,0,0,0,4.8,0.00541516245487365,NA,6,NA,NA
"12","S.Anderson","ARI","TE",5,0,0,0,0,0,0,0,0,7,3,9,0,0,0,3.9,0.0126353790613718,NA,3,NA,NA
"13","T.McBride","ARI","TE",9,0,0,0,0,0,0,0,0,39,29,265,1,0,0,61.5,0.0703971119133574,NA,9.13793103448276,NA,NA
"14","Z.Ertz","ARI","TE",10,0,0,0,0,0,0,0,0,69,47,406,4,0,0,115.6,0.124548736462094,NA,8.63829787234043,NA,NA
"15","A.Baccellia","ARI","WR",5,0,0,0,0,0,0,0,0,10,7,45,0,0,0,11.5,0.0180505415162455,NA,6.42857142857143,NA,NA
"16","A.Green","ARI","WR",13,0,0,0,0,0,0,0,0,47,24,236,2,0,0,61.6,0.0848375451263538,NA,9.83333333333333,NA,NA
"17","A.Isabella","ARI","WR",2,0,0,0,0,0,0,0,0,5,2,21,0,0,0,4.1,0.00902527075812274,NA,10.5,NA,NA
"18","D.Hopkins","ARI","WR",9,0,0,0,0,0,0,0,0,96,64,717,3,0,0,151.7,0.173285198555957,NA,11.203125,NA,NA
"19","G.Dortch","ARI","WR",11,0,0,0,0,0,7,44,0,64,52,467,2,0,0,115.1,0.115523465703971,6.28571428571429,8.98076923076923,NA,NA
"20","M.Brown","ARI","WR",12,0,0,0,0,0,1,1,0,107,67,709,3,0,0,156,0.193140794223827,1,10.5820895522388,NA,NA
"21","P.Cooper","ARI","WR",2,0,0,0,0,0,4,15,0,2,2,6,0,0,0,4.1,0.0036101083032491,3.75,3,NA,NA
"22","R.Anderson","ARI","WR",7,0,0,0,0,0,0,0,0,17,7,76,0,0,0,14.6,0.0306859205776173,NA,10.8571428571429,NA,NA
"23","R.Moore","ARI","WR",8,0,0,0,0,0,6,-5,0,56,41,414,1,0,0,87.9,0.101083032490975,-0.833333333333333,10.0975609756098,NA,NA
"24","K.Smith","ATL","FB",2,0,0,0,0,0,1,2,0,2,1,8,0,0,0,2,0.00301659125188537,2,8,NA,NA
"25","D.Ridder","ATL","QB",4,115,73,708,2,0,16,64,0,0,0,0,0,2,0,38.72,0,4,NA,0.634782608695652,0.0173913043478261
"26","M.Mariota","ATL","QB",13,300,184,2219,15,9,85,438,4,0,0,0,0,3,2,196.56,0,5.15294117647059,NA,0.613333333333333,0.05
"27","A.Williams","ATL","RB",14,0,0,0,0,0,22,109,1,14,13,61,0,0,0,36,0.0211161387631976,4.95454545454545,4.69230769230769,NA,NA
"28","C.Huntley","ATL","RB",12,0,0,0,0,0,76,366,1,2,2,3,0,0,0,44.9,0.00301659125188537,4.81578947368421,1.5,NA,NA
"29","C.Patterson","ATL","RB",13,0,0,0,0,0,144,695,8,31,21,122,0,1,0,154.7,0.0467571644042232,4.82638888888889,5.80952380952381,NA,NA
"30","D.Williams","ATL","RB",1,0,0,0,0,0,2,2,0,0,0,0,0,0,0,0.2,0,1,NA,NA,NA
"31","T.Allgeier","ATL","RB",16,0,0,0,0,0,210,1035,3,17,16,139,1,0,1,159.4,0.0256410256410256,4.92857142857143,8.6875,NA,NA
"32","A.Firkser","ATL","TE",8,0,0,0,0,0,0,0,0,13,9,100,0,0,0,19,0.0196078431372549,NA,11.1111111111111,NA,NA
"33","F.Franks","ATL","TE",2,0,0,0,0,0,1,0,0,2,0,0,0,0,0,0,0.00301659125188537,0,NA,NA,NA
"34","K.Pitts","ATL","TE",10,0,0,0,0,0,0,0,0,59,28,356,2,0,0,75.6,0.0889894419306184,NA,12.7142857142857,NA,NA
"35","M.Pruitt","ATL","TE",10,0,0,0,0,0,0,0,0,21,16,150,4,0,0,55,0.0316742081447964,NA,9.375,NA,NA
"36","P.Hesse","ATL","TE",9,0,0,0,0,0,0,0,0,11,9,89,0,0,0,17.9,0.0165912518853695,NA,9.88888888888889,NA,NA
"37","B.Edwards","ATL","WR",4,0,0,0,0,0,0,0,0,5,3,15,0,0,0,4.5,0.00754147812971342,NA,5,NA,NA
"38","D.Byrd","ATL","WR",12,0,0,0,0,0,0,0,0,23,13,268,2,0,0,51.8,0.0346907993966818,NA,20.6153846153846,NA,NA
"39","D.London","ATL","WR",17,0,0,0,0,0,0,0,0,117,72,866,4,0,0,178.6,0.176470588235294,NA,12.0277777777778,NA,NA
"40","F.Darby","ATL","WR",1,0,0,0,0,0,0,0,0,1,1,15,0,0,0,2.5,0.00150829562594268,NA,15,NA,NA
"41","J.Ali","ATL","WR",1,0,0,0,0,0,0,0,0,1,0,0,0,0,0,0,0.00150829562594268,NA,NA,NA,NA
"42","K.Hodge","ATL","WR",9,0,0,0,0,0,0,0,0,20,13,202,1,0,0,41.2,0.0301659125188537,NA,15.5384615384615,NA,NA
"43","O.Zaccheaus","ATL","WR",16,0,0,0,0,0,2,7,0,61,40,533,3,0,0,110,0.0920060331825038,3.5,13.325,NA,NA
"44","P.Ricard","BAL","FB",12,0,0,0,0,0,7,16,0,13,11,74,0,0,0,20,0.0313253012048193,2.28571428571429,6.72727272727273,NA,NA
"45","A.Brown","BAL","QB",2,49,22,302,0,2,3,-5,0,0,0,0,0,1,0,5.58,0,-1.66666666666667,NA,0.448979591836735,0
"46","L.Jackson","BAL","QB",12,326,203,2242,17,7,112,764,3,0,0,0,0,2,1,236.08,0,6.82142857142857,NA,0.622699386503067,0.0521472392638037
"47","T.Huntley","BAL","QB",5,112,75,658,2,3,43,137,1,0,0,0,0,0,1,50.02,0,3.18604651162791,NA,0.669642857142857,0.0178571428571429
"48","G.Edwards","BAL","RB",9,0,0,0,0,0,87,433,3,2,0,0,0,1,0,59.3,0.00481927710843374,4.97701149425287,NA,NA,NA
"49","J.Dobbins","BAL","RB",8,0,0,0,0,0,92,520,2,8,7,42,1,0,0,81.2,0.0192771084337349,5.65217391304348,6,NA,NA
"50","J.Hill","BAL","RB",13,0,0,0,0,0,49,262,0,12,12,58,0,1,0,42,0.0289156626506024,5.3469387755102,4.83333333333333,NA,NA
"51","K.Drake","BAL","RB",12,0,0,0,0,0,109,482,4,26,17,89,1,0,0,104.1,0.0626506024096386,4.42201834862385,5.23529411764706,NA,NA
"52","M.Davis","BAL","RB",5,0,0,0,0,0,8,18,0,2,2,4,0,0,0,4.2,0.00481927710843374,2.25,2,NA,NA
"53","C.Kolar","BAL","TE",1,0,0,0,0,0,0,0,0,6,4,49,0,0,0,8.9,0.0144578313253012,NA,12.25,NA,NA
"54","I.Likely","BAL","TE",14,0,0,0,0,0,0,0,0,60,36,373,3,0,0,91.3,0.144578313253012,NA,10.3611111111111,NA,NA
"55","J.Oliver","BAL","TE",12,0,0,0,0,0,0,0,0,25,14,149,2,0,0,40.9,0.0602409638554217,NA,10.6428571428571,NA,NA
"56","M.Andrews","BAL","TE",15,0,0,0,0,0,3,8,0,113,73,847,5,0,0,190.5,0.272289156626506,2.66666666666667,11.6027397260274,NA,NA
"57","A.Isabella","BAL","WR",1,0,0,0,0,0,1,1,0,0,0,0,0,0,0,0.1,0,1,NA,NA,NA
"58","D.Duvernay","BAL","WR",14,0,0,0,0,0,12,84,1,49,37,407,3,0,0,116.1,0.118072289156627,7,11,NA,NA
"59","D.Jackson","BAL","WR",7,0,0,0,0,0,0,0,0,17,9,153,0,0,0,24.3,0.0409638554216867,NA,17,NA,NA
"60","D.Robinson","BAL","WR",16,0,0,0,0,0,0,0,0,75,48,458,2,0,0,103.8,0.180722891566265,NA,9.54166666666667,NA,NA
"61","J.Proche","BAL","WR",7,1,0,0,0,1,0,0,0,17,8,62,0,0,0,12.2,0.0409638554216867,NA,7.75,0,0
"62","R.Bateman","BAL","WR",6,0,0,0,0,0,0,0,0,28,15,285,2,0,0,53.5,0.0674698795180723,NA,19,NA,NA
"63","S.Watkins","BAL","WR",2,0,0,0,0,0,0,0,0,5,3,119,0,0,0,12.9,0.0120481927710843,NA,39.6666666666667,NA,NA
"64","T.Wallace","BAL","WR",5,0,0,0,0,0,0,0,0,7,4,33,0,0,0,7.3,0.0168674698795181,NA,8.25,NA,NA
"65","R.Gilliam","BUF","FB",4,0,0,0,0,0,0,0,0,10,8,69,1,0,0,20.9,0.0204918032786885,NA,8.625,NA,NA
"66","C.Keenum","BUF","QB",2,7,2,8,0,0,5,0,0,0,0,0,0,0,0,0.32,0,0,NA,0.285714285714286,0
"67","J.Allen","BUF","QB",16,567,359,4283,35,14,124,762,7,0,0,0,0,5,2,395.52,0,6.14516129032258,NA,0.6331569664903,0.0617283950617284
"68","D.Johnson","BUF","RB",1,0,0,0,0,0,2,4,0,0,0,0,0,0,0,0.4,0,2,NA,NA,NA
"69","D.Singletary","BUF","RB",16,0,0,0,0,0,177,819,5,52,38,280,1,3,0,177.9,0.10655737704918,4.6271186440678,7.36842105263158,NA,NA
"70","J.Cook","BUF","RB",16,0,0,0,0,0,89,507,2,32,21,180,1,1,0,105.7,0.0655737704918033,5.69662921348315,8.57142857142857,NA,NA
"71","N.Hines","BUF","RB",9,0,0,0,0,0,6,-3,0,9,5,53,1,0,0,28,0.0184426229508197,-0.5,10.6,NA,NA
"72","Z.Moss","BUF","RB",5,0,0,0,0,0,17,91,0,8,7,27,0,1,0,16.8,0.0163934426229508,5.35294117647059,3.85714285714286,NA,NA
"73","D.Knox","BUF","TE",15,0,0,0,0,0,0,0,0,65,48,517,6,0,0,135.7,0.133196721311475,NA,10.7708333333333,NA,NA
"74","Q.Morris","BUF","TE",6,0,0,0,0,0,0,0,0,11,8,84,1,0,0,20.4,0.0225409836065574,NA,10.5,NA,NA
"75","T.Sweeney","BUF","TE",1,0,0,0,0,0,0,0,0,1,1,7,0,0,0,1.7,0.00204918032786885,NA,7,NA,NA
"76","C.Beasley","BUF","WR",2,0,0,0,0,0,0,0,0,2,2,18,0,0,0,3.8,0.00409836065573771,NA,9,NA,NA
"77","G.Davis","BUF","WR",15,0,0,0,0,0,0,0,0,93,48,836,7,0,0,171.6,0.190573770491803,NA,17.4166666666667,NA,NA
"78","I.Hodgins","BUF","WR",1,0,0,0,0,0,0,0,0,6,4,41,0,0,0,8.1,0.0122950819672131,NA,10.25,NA,NA
"79","I.McKenzie","BUF","WR",15,0,0,0,0,0,9,55,1,65,42,423,4,0,0,119.8,0.133196721311475,6.11111111111111,10.0714285714286,NA,NA
"80","J.Brown","BUF","WR",2,0,0,0,0,0,0,0,0,2,1,42,1,0,0,11.2,0.00409836065573771,NA,42,NA,NA
"81","J.Crowder","BUF","WR",4,0,0,0,0,0,0,0,0,13,6,60,0,0,0,12,0.0266393442622951,NA,10,NA,NA
"82","J.Kumerow","BUF","WR",4,0,0,0,0,0,0,0,0,7,4,64,0,0,0,10.4,0.014344262295082,NA,16,NA,NA
"83","K.Shakir","BUF","WR",10,0,0,0,0,0,0,0,0,20,10,161,1,0,0,34.1,0.040983606557377,NA,16.1,NA,NA
"84","S.Diggs","BUF","WR",16,0,0,0,0,0,1,-3,0,154,108,1429,11,0,0,316.6,0.315573770491803,-3,13.2314814814815,NA,NA
"85","T.Gentry","BUF","WR",1,0,0,0,0,0,0,0,0,1,0,0,0,0,0,0,0.00204918032786885,NA,NA,NA,NA
"86","B.Mayfield","CAR","QB",7,206,119,1313,6,6,16,52,1,0,0,0,0,1,0,73.72,0,3.25,NA,0.577669902912621,0.029126213592233
"87","J.Eason","CAR","QB",1,5,3,59,0,1,0,0,0,0,0,0,0,0,0,0.36,0,NA,NA,0.6,0
"88","P.Walker","CAR","QB",6,106,63,731,3,3,6,39,0,0,0,0,0,0,0,39.14,0,6.5,NA,0.594339622641509,0.0283018867924528
"89","S.Darnold","CAR","QB",6,140,82,1143,7,3,26,106,2,0,0,0,0,2,0,86.32,0,4.07692307692308,NA,0.585714285714286,0.05
"90","C.Hubbard","CAR","RB",12,0,0,0,0,0,95,466,2,17,14,171,0,0,0,89.7,0.029616724738676,4.90526315789474,12.2142857142857,NA,NA
"91","C.McCaffrey","CAR","RB",6,0,0,0,0,0,85,393,2,43,33,277,1,0,0,118,0.0749128919860627,4.62352941176471,8.39393939393939,NA,NA
"92","D.Foreman","CAR","RB",16,0,0,0,0,0,203,914,5,9,5,26,0,0,1,131,0.0156794425087108,4.50246305418719,5.2,NA,NA
"93","R.Blackshear","CAR","RB",10,0,0,0,0,0,23,77,3,12,10,93,0,0,0,45,0.0209059233449477,3.34782608695652,9.3,NA,NA
"94","S.Brown","CAR","RB",2,0,0,0,0,0,9,43,0,4,2,10,0,0,0,7.3,0.00696864111498258,4.77777777777778,5,NA,NA
"95","G.Ricci","CAR","TE",6,0,0,0,0,0,0,0,0,9,8,100,0,0,0,18,0.0156794425087108,NA,12.5,NA,NA
"96","I.Thomas","CAR","TE",13,0,0,0,0,0,0,0,0,30,21,197,0,0,0,40.7,0.0522648083623693,NA,9.38095238095238,NA,NA
"97","S.Sullivan","CAR","TE",4,0,0,0,0,0,0,0,0,6,2,46,0,0,0,6.6,0.0104529616724739,NA,23,NA,NA
"98","T.Tremble","CAR","TE",14,0,0,0,0,0,0,0,0,32,19,174,3,0,0,54.4,0.0557491289198606,NA,9.1578947368421,NA,NA
"99","D.Moore","CAR","WR",17,0,0,0,0,0,10,53,0,118,63,888,7,0,0,199.1,0.205574912891986,5.3,14.0952380952381,NA,NA
"100","L.Shenault","CAR","WR",13,0,0,0,0,0,9,65,1,32,27,272,1,0,0,72.7,0.0557491289198606,7.22222222222222,10.0740740740741,NA,NA
"101","R.Anderson","CAR","WR",5,0,0,0,0,0,0,0,0,27,13,206,1,0,0,37.6,0.0470383275261324,NA,15.8461538461538,NA,NA
"102","S.Smith","CAR","WR",15,0,0,0,0,0,0,0,0,41,22,296,2,0,0,61.6,0.0714285714285714,NA,13.4545454545455,NA,NA
"103","T.Marshall","CAR","WR",13,0,0,0,0,0,0,0,0,47,28,490,1,0,0,83,0.0818815331010453,NA,17.5,NA,NA
"104","K.Blasingame","CHI","FB",1,0,0,0,0,0,0,0,0,1,0,0,0,0,0,0,0.00218818380743982,NA,NA,NA,NA
"105","J.Fields","CHI","QB",15,318,192,2242,17,11,160,1143,8,0,0,0,0,2,1,295.98,0,7.14375,NA,0.60377358490566,0.0534591194968553
"106","N.Peterman","CHI","QB",3,25,14,139,1,1,2,7,0,0,0,0,0,0,0,8.26,0,3.5,NA,0.56,0.04
"107","T.Boyle","CHI","QB",1,8,2,33,0,2,2,-2,0,0,0,0,0,0,0,-2.88,0,-1,NA,0.25,0
"108","T.Siemian","CHI","QB",2,26,15,184,1,1,4,8,0,0,0,0,0,0,0,10.16,0,2,NA,0.576923076923077,0.0384615384615385
"109","D.Evans","CHI","RB",3,0,0,0,0,0,14,64,0,1,1,33,0,0,0,10.7,0.00218818380743982,4.57142857142857,33,NA,NA
"110","D.Montgomery","CHI","RB",16,0,0,0,0,0,201,801,5,40,34,316,1,1,0,177.7,0.087527352297593,3.98507462686567,9.29411764705882,NA,NA
"111","K.Herbert","CHI","RB",13,0,0,0,0,0,129,731,4,12,9,57,1,0,0,117.8,0.0262582056892779,5.66666666666667,6.33333333333333,NA,NA
"112","T.Ebner","CHI","RB",7,0,0,0,0,0,24,54,0,7,1,6,0,0,0,7,0.0153172866520788,2.25,6,NA,NA
"113","C.Kmet","CHI","TE",17,0,0,0,0,0,2,9,0,69,50,544,7,0,0,147.3,0.150984682713348,4.5,10.88,NA,NA
"114","J.Tonges","CHI","TE",1,0,0,0,0,0,0,0,0,1,0,0,0,0,0,0,0.00218818380743982,NA,NA,NA,NA
"115","R.Griffin","CHI","TE",7,0,0,0,0,0,0,0,0,8,4,26,0,0,0,6.6,0.0175054704595186,NA,6.5,NA,NA
"116","T.Wesco","CHI","TE",4,0,0,0,0,0,0,0,0,4,2,26,0,0,0,6.6,0.0087527352297593,NA,13,NA,NA
"117","B.Pringle","CHI","WR",8,0,0,0,0,0,0,0,0,16,10,135,2,0,0,35.5,0.0350109409190372,NA,13.5,NA,NA
"118","C.Claypool","CHI","WR",7,0,0,0,0,0,1,4,0,29,14,140,0,0,0,26.4,0.0634573304157549,4,10,NA,NA
"119","D.Mooney","CHI","WR",11,0,0,0,0,0,1,2,0,61,40,493,2,0,0,101.5,0.133479212253829,2,12.325,NA,NA
"120","D.Pettis","CHI","WR",14,0,0,0,0,0,2,37,0,41,19,245,3,0,0,65.2,0.0897155361050328,18.5,12.8947368421053,NA,NA
"121","E.St. Brown","CHI","WR",16,0,0,0,0,0,6,54,0,39,22,325,1,0,0,63.9,0.0853391684901532,9,14.7727272727273,NA,NA
"122","I.Smith-Marsette","CHI","WR",3,0,0,0,0,0,1,-1,0,4,1,15,0,0,0,0.4,0.0087527352297593,-1,15,NA,NA
"123","N.Harry","CHI","WR",6,0,0,0,0,0,0,0,0,9,7,116,1,0,0,24.6,0.0196936542669584,NA,16.5714285714286,NA,NA
"124","N.Webster","CHI","WR",1,0,0,0,0,0,0,0,0,3,2,14,0,0,0,3.4,0.00656455142231947,NA,7,NA,NA
"125","V.Jones","CHI","WR",9,0,0,0,0,0,9,103,1,14,7,107,1,1,0,38,0.0306345733041575,11.4444444444444,15.2857142857143,NA,NA
"126","B.Allen","CIN","QB",1,3,3,22,0,0,3,-1,0,0,0,0,0,0,0,0.78,0,-0.333333333333333,NA,1,0
"127","J.Burrow","CIN","QB",16,606,414,4475,35,12,75,257,5,0,0,0,0,3,3,350.7,0,3.42666666666667,NA,0.683168316831683,0.0577557755775578
"128","C.Evans","CIN","RB",4,0,0,0,0,0,0,0,0,4,3,38,1,0,0,12.8,0.0106100795755968,NA,12.6666666666667,NA,NA
"129","J.Mixon","CIN","RB",14,0,0,0,0,0,210,814,7,75,60,441,2,0,0,239.5,0.19893899204244,3.87619047619048,7.35,NA,NA
"130","S.Perine","CIN","RB",16,0,0,0,0,0,95,394,2,51,38,287,4,0,0,142.1,0.135278514588859,4.14736842105263,7.55263157894737,NA,NA
"131","T.Williams","CIN","RB",4,0,0,0,0,0,6,30,0,3,2,30,0,0,0,8,0.00795755968169761,5,15,NA,NA
"132","D.Asiasi","CIN","TE",3,0,0,0,0,0,0,0,0,4,2,5,0,0,0,2.5,0.0106100795755968,NA,2.5,NA,NA
"133","D.Sample","CIN","TE",2,0,0,0,0,0,0,0,0,2,2,-2,0,0,0,1.8,0.00530503978779841,NA,-1,NA,NA
"134","H.Hurst","CIN","TE",13,0,0,0,0,0,0,0,0,68,52,414,2,0,0,105.4,0.180371352785146,NA,7.96153846153846,NA,NA
"135","M.Wilcox","CIN","TE",9,0,0,0,0,0,0,0,0,18,17,139,1,0,0,36.9,0.0477453580901857,NA,8.17647058823529,NA,NA
"136","J.Chase","CIN","WR",12,0,0,0,0,0,5,8,0,134,87,1046,9,0,0,242.4,0.355437665782493,1.6,12.0229885057471,NA,NA
"137","M.Thomas","CIN","WR",4,0,0,0,0,0,0,0,0,10,2,38,0,0,0,7.8,0.026525198938992,NA,19,NA,NA
"138","S.Morgan","CIN","WR",1,0,0,0,0,0,0,0,0,1,0,0,0,0,0,0,0.0026525198938992,NA,NA,NA,NA
"139","T.Boyd","CIN","WR",16,1,1,23,0,0,0,0,0,82,58,762,5,0,0,167.12,0.217506631299735,NA,13.1379310344828,1,0
"140","T.Higgins","CIN","WR",14,0,0,0,0,0,0,0,0,109,74,1029,7,0,0,220.9,0.289124668435013,NA,13.9054054054054,NA,NA
"141","T.Irwin","CIN","WR",9,0,0,0,0,0,1,11,0,23,15,231,4,0,0,63.2,0.0610079575596817,11,15.4,NA,NA
"142","T.Taylor","CIN","WR",6,0,0,0,0,0,4,15,0,10,6,62,0,0,0,13.7,0.026525198938992,3.75,10.3333333333333,NA,NA
"143","D.Watson","CLE","QB",6,170,99,1102,7,5,36,175,1,0,0,0,0,0,0,85.58,0,4.86111111111111,NA,0.582352941176471,0.0411764705882353
"144","J.Brissett","CLE","QB",14,369,236,2608,12,6,49,243,2,0,0,0,0,4,0,168.62,0,4.95918367346939,NA,0.639566395663957,0.032520325203252
"145","D.Felton","CLE","RB",4,0,0,0,0,0,1,-4,0,4,2,8,0,0,0,2.4,0.00655737704918033,-4,4,NA,NA
"146","D.Johnson","CLE","RB",3,0,0,0,0,0,4,17,0,3,3,7,0,0,0,5.4,0.00491803278688525,4.25,2.33333333333333,NA,NA
"147","J.Ford","CLE","RB",2,0,0,0,0,0,8,12,0,0,0,0,0,0,0,1.2,0,1.5,NA,NA,NA
"148","K.Hunt","CLE","RB",17,0,0,0,0,0,123,468,3,44,35,210,1,0,0,126.8,0.0721311475409836,3.80487804878049,6,NA,NA
"149","N.Chubb","CLE","RB",17,0,0,0,0,0,302,1525,12,37,27,239,1,1,1,281.4,0.060655737704918,5.04966887417219,8.85185185185185,NA,NA
"150","D.Njoku","CLE","TE",14,0,0,0,0,0,2,-8,0,80,58,628,4,0,0,142,0.131147540983607,-4,10.8275862068966,NA,NA
"151","H.Bryant","CLE","TE",14,0,0,0,0,0,1,8,0,42,31,239,1,0,0,61.7,0.0688524590163934,8,7.70967741935484,NA,NA
"152","M.Forristall","CLE","TE",1,0,0,0,0,0,0,0,0,1,0,0,0,0,0,0,0.00163934426229508,NA,NA,NA,NA
"153","P.Brown","CLE","TE",4,0,0,0,0,0,0,0,0,10,5,45,0,0,0,9.5,0.0163934426229508,NA,9,NA,NA
"154","A.Cooper","CLE","WR",17,1,0,0,0,1,0,0,0,132,78,1160,9,0,0,246,0.216393442622951,NA,14.8717948717949,0,0
"155","A.Schwartz","CLE","WR",6,0,0,0,0,0,4,57,1,10,4,51,0,0,0,18.8,0.0163934426229508,14.25,12.75,NA,NA
"156","D.Baldwin","CLE","WR",1,0,0,0,0,0,0,0,0,2,2,25,0,0,0,4.5,0.00327868852459016,NA,12.5,NA,NA
"157","D.Bell","CLE","WR",14,0,0,0,0,0,0,0,0,35,24,214,0,0,0,45.4,0.0573770491803279,NA,8.91666666666667,NA,NA
"158","D.Peoples-Jones","CLE","WR",17,0,0,0,0,0,1,2,0,96,61,839,3,0,0,167.1,0.157377049180328,2,13.7540983606557,NA,NA
"159","M.Woods","CLE","WR",6,0,0,0,0,0,1,-5,0,10,5,45,0,0,0,9,0.0163934426229508,-5,9,NA,NA
"160","C.Rush","DAL","QB",8,162,94,1051,5,3,9,6,0,0,0,0,0,0,0,56.64,0,0.666666666666667,NA,0.580246913580247,0.0308641975308642
"161","D.Prescott","DAL","QB",12,394,261,2860,23,15,45,182,1,0,0,0,0,1,0,198.6,0,4.04444444444444,NA,0.66243654822335,0.0583756345177665
"162","E.Elliott","DAL","RB",15,0,0,0,0,0,231,876,12,23,17,92,0,0,0,185.8,0.0425925925925926,3.79220779220779,5.41176470588235,NA,NA
"163","M.Davis","DAL","RB",6,0,0,0,0,0,38,161,1,7,6,63,0,0,0,34.4,0.012962962962963,4.23684210526316,10.5,NA,NA
"164","T.Pollard","DAL","RB",16,0,0,0,0,0,193,1007,9,55,39,371,3,0,0,248.8,0.101851851851852,5.21761658031088,9.51282051282051,NA,NA
"165","D.Schultz","DAL","TE",15,0,0,0,0,0,0,0,0,89,57,577,5,0,0,142.7,0.164814814814815,NA,10.1228070175439,NA,NA
"166","J.Ferguson","DAL","TE",11,0,0,0,0,0,0,0,0,22,19,174,2,0,0,48.4,0.0407407407407407,NA,9.1578947368421,NA,NA
"167","P.Hendershot","DAL","TE",9,0,0,0,0,0,1,2,1,16,11,103,2,0,0,39.5,0.0296296296296296,2,9.36363636363636,NA,NA
"168","S.McKeon","DAL","TE",2,0,0,0,0,0,0,0,0,3,2,11,0,0,0,3.1,0.00555555555555556,NA,5.5,NA,NA
"169","C.Lamb","DAL","WR",17,0,0,0,0,0,10,47,0,156,107,1359,9,0,0,301.6,0.288888888888889,4.7,12.7009345794393,NA,NA
"170","D.Houston","DAL","WR",2,0,0,0,0,0,0,0,0,6,2,16,0,0,0,3.6,0.0111111111111111,NA,8,NA,NA
"171","J.Tolbert","DAL","WR",2,0,0,0,0,0,0,0,0,3,2,12,0,0,0,3.2,0.00555555555555556,NA,6,NA,NA
"172","J.Washington","DAL","WR",1,0,0,0,0,0,0,0,0,1,0,0,0,0,0,0,0.00185185185185185,NA,NA,NA,NA
"173","K.Turpin","DAL","WR",5,0,0,0,0,0,3,17,0,2,1,9,0,0,0,3.6,0.0037037037037037,5.66666666666667,9,NA,NA
"174","M.Gallup","DAL","WR",14,0,0,0,0,0,0,0,0,74,39,424,4,0,0,105.4,0.137037037037037,NA,10.8717948717949,NA,NA
"175","N.Brown","DAL","WR",15,0,0,0,0,0,0,0,0,74,43,555,3,0,0,114.5,0.137037037037037,NA,12.906976744186,NA,NA
"176","S.Fehoko","DAL","WR",2,0,0,0,0,0,0,0,0,4,3,24,0,0,0,5.4,0.00740740740740741,NA,8,NA,NA
"177","T.Hilton","DAL","WR",3,0,0,0,0,0,0,0,0,10,7,121,0,0,0,19.1,0.0185185185185185,NA,17.2857142857143,NA,NA
"178","B.Rypien","DEN","QB",4,88,53,483,2,4,6,7,0,0,0,0,0,1,0,18.02,0,1.16666666666667,NA,0.602272727272727,0.0227272727272727
"179","R.Wilson","DEN","QB",15,483,292,3524,16,11,55,277,3,1,1,1,0,2,0,225.76,0.00179856115107914,5.03636363636364,1,0.604554865424431,0.0331262939958592
"180","C.Edmonds","DEN","RB",5,0,0,0,0,0,26,125,0,7,6,61,0,0,0,24.6,0.012589928057554,4.80769230769231,10.1666666666667,NA,NA
"181","D.Ozigbo","DEN","RB",3,0,0,0,0,0,3,4,0,1,1,3,0,0,0,1.7,0.00179856115107914,1.33333333333333,3,NA,NA
"182","J.Williams","DEN","RB",4,0,0,0,0,0,47,204,0,22,16,76,0,1,0,42,0.039568345323741,4.34042553191489,4.75,NA,NA
"183","L.Murray","DEN","RB",12,0,0,0,0,0,160,703,5,34,26,124,0,0,1,140.7,0.0611510791366906,4.39375,4.76923076923077,NA,NA
"184","M.Boone","DEN","RB",8,0,0,0,0,0,24,102,0,15,9,96,0,0,0,28.8,0.026978417266187,4.25,10.6666666666667,NA,NA
"185","M.Gordon","DEN","RB",10,0,0,0,0,0,90,318,2,32,25,223,0,2,0,87.1,0.0575539568345324,3.53333333333333,8.92,NA,NA
"186","M.Mack","DEN","RB",5,0,0,0,0,0,16,84,1,10,8,99,1,0,0,38.3,0.0179856115107914,5.25,12.375,NA,NA
"187","T.Badie","DEN","RB",1,0,0,0,0,0,1,0,0,1,1,24,1,0,0,9.4,0.00179856115107914,0,24,NA,NA
"188","A.Beck","DEN","TE",8,0,0,0,0,0,2,0,0,11,5,69,0,0,0,11.9,0.0197841726618705,0,13.8,NA,NA
"189","A.Okwuegbunam","DEN","TE",6,0,0,0,0,0,0,0,0,18,10,95,1,0,0,25.5,0.0323741007194245,NA,9.5,NA,NA
"190","E.Saubert","DEN","TE",11,0,0,0,0,0,0,0,0,24,15,148,1,0,0,35.8,0.0431654676258993,NA,9.86666666666667,NA,NA
"191","E.Tomlinson","DEN","TE",8,0,0,0,0,0,0,0,0,13,9,79,2,0,0,28.9,0.0233812949640288,NA,8.77777777777778,NA,NA
"192","G.Dulcich","DEN","TE",10,0,0,0,0,0,0,0,0,55,33,411,2,0,0,86.1,0.0989208633093525,NA,12.4545454545455,NA,NA
"193","B.Johnson","DEN","WR",4,0,0,0,0,0,0,0,0,14,6,42,1,0,0,16.2,0.0251798561151079,NA,7,NA,NA
"194","C.Sutton","DEN","WR",15,0,0,0,0,0,1,5,0,109,64,829,2,0,0,159.4,0.196043165467626,5,12.953125,NA,NA
"195","F.Swain","DEN","WR",3,0,0,0,0,0,0,0,0,6,4,74,0,0,0,11.4,0.0107913669064748,NA,18.5,NA,NA
"196","J.Jeudy","DEN","WR",15,0,0,0,0,0,4,40,0,100,67,972,6,0,0,204.2,0.179856115107914,10,14.5074626865672,NA,NA
"197","J.Virgil","DEN","WR",4,0,0,0,0,0,0,0,0,5,2,75,1,0,0,15.5,0.00899280575539568,NA,37.5,NA,NA
"198","K.Hamler","DEN","WR",6,0,0,0,0,0,2,23,0,14,7,165,0,0,0,25.8,0.0251798561151079,11.5,23.5714285714286,NA,NA
"199","K.Hinton","DEN","WR",11,0,0,0,0,0,2,13,0,33,24,311,0,0,0,56.4,0.0593525179856115,6.5,12.9583333333333,NA,NA
"200","M.Washington","DEN","WR",9,0,0,0,0,0,5,30,0,9,4,2,0,0,0,7.2,0.0161870503597122,6,0.5,NA,NA
"201","T.Cleveland","DEN","WR",3,0,0,0,0,0,0,0,0,7,2,28,0,0,0,4.8,0.012589928057554,NA,14,NA,NA
"202","J.Cabinda","DET","FB",4,0,0,0,0,0,1,4,0,4,1,5,0,0,0,1.9,0.00700525394045534,4,5,NA,NA
"203","J.Goff","DET","QB",17,587,382,4438,29,7,29,73,0,1,1,5,0,4,2,284.32,0.00175131348511384,2.51724137931034,5,0.65076660988075,0.0494037478705281
"204","N.Sudfeld","DET","QB",2,0,0,0,0,0,5,-4,0,0,0,0,0,0,0,-0.4,0,-0.8,NA,NA,NA
"205","C.Reynolds","DET","RB",6,0,0,0,0,0,23,102,0,10,9,116,0,0,0,30.8,0.0175131348511384,4.43478260869565,12.8888888888889,NA,NA
"206","D.Swift","DET","RB",14,0,0,0,0,0,99,542,5,70,48,389,3,0,1,191.1,0.122591943957968,5.47474747474747,8.10416666666667,NA,NA
"207","J.Jackson","DET","RB",12,0,0,0,0,0,42,170,1,19,12,101,1,0,0,51.1,0.0332749562171629,4.04761904761905,8.41666666666667,NA,NA
"208","J.Williams","DET","RB",17,0,0,0,0,0,262,1066,17,16,12,73,0,2,1,225.9,0.0280210157618214,4.06870229007634,6.08333333333333,NA,NA
"209","B.Wright","DET","TE",13,0,0,0,0,0,0,0,0,24,18,216,4,0,0,63.6,0.042031523642732,NA,12,NA,NA
"210","J.Mitchell","DET","TE",8,0,0,0,0,0,0,0,0,11,11,113,1,0,0,28.3,0.0192644483362522,NA,10.2727272727273,NA,NA
"211","S.Zylstra","DET","TE",8,0,0,0,0,0,0,0,0,15,11,60,4,0,0,41,0.0262697022767075,NA,5.45454545454545,NA,NA
"212","T.Hockenson","DET","TE",7,0,0,0,0,0,0,0,0,43,26,395,3,0,0,85.5,0.0753064798598949,NA,15.1923076923077,NA,NA
"213","A.St. Brown","DET","WR",16,0,0,0,0,0,9,95,0,146,106,1161,6,0,0,267.6,0.25569176882662,10.5555555555556,10.9528301886792,NA,NA
"214","D.Chark","DET","WR",11,0,0,0,0,0,0,0,0,52,30,502,3,0,0,98.2,0.0910683012259194,NA,16.7333333333333,NA,NA
"215","J.Reynolds","DET","WR",12,0,0,0,0,0,0,0,0,59,38,479,3,0,0,103.9,0.103327495621716,NA,12.6052631578947,NA,NA
"216","J.Williams","DET","WR",6,0,0,0,0,0,1,40,0,9,1,41,1,0,0,15.1,0.0157618213660245,40,41,NA,NA
"217","K.Raymond","DET","WR",16,0,0,0,0,0,7,36,0,64,47,616,0,0,0,116.2,0.112084063047285,5.14285714285714,13.1063829787234,NA,NA
"218","M.Alexander","DET","WR",1,0,0,0,0,0,0,0,0,1,1,7,0,0,0,1.7,0.00175131348511384,NA,7,NA,NA
"219","Q.Cephus","DET","WR",1,0,0,0,0,0,0,0,0,3,2,15,0,0,0,3.5,0.00525394045534151,NA,7.5,NA,NA
"220","T.Kennedy","DET","WR",5,0,0,0,0,0,0,0,0,15,8,141,0,0,0,22.1,0.0262697022767075,NA,17.625,NA,NA
"221","A.Rodgers","GB","QB",17,542,350,3695,26,12,34,94,1,0,0,0,0,4,2,239.2,0,2.76470588235294,NA,0.645756457564576,0.0479704797047971
"222","J.Love","GB","QB",4,21,14,195,1,0,1,-1,0,0,0,0,0,0,0,11.7,0,-1,NA,0.666666666666667,0.0476190476190476
"223","A.Dillon","GB","RB",17,0,0,0,0,0,186,770,7,43,28,206,0,0,0,167.6,0.0732538330494037,4.13978494623656,7.35714285714286,NA,NA
"224","A.Jones","GB","RB",17,0,0,0,0,0,213,1121,2,72,59,395,5,1,0,248.6,0.122657580919932,5.26291079812207,6.69491525423729,NA,NA
"225","K.Hill","GB","RB",1,0,0,0,0,0,1,7,0,0,0,0,0,0,0,0.7,0,7,NA,NA,NA
"226","P.Taylor","GB","RB",4,0,0,0,0,0,10,31,0,1,1,17,0,0,0,5.8,0.00170357751277683,3.1,17,NA,NA
"227","J.Deguara","GB","TE",9,0,0,0,0,0,0,0,0,15,13,114,0,0,0,24.4,0.0255536626916525,NA,8.76923076923077,NA,NA
"228","M.Lewis","GB","TE",6,0,0,0,0,0,0,0,0,7,6,66,2,0,0,26.6,0.0119250425894378,NA,11,NA,NA
"229","R.Tonyan","GB","TE",17,0,0,0,0,0,0,0,0,67,53,470,2,0,0,112,0.114139693356048,NA,8.86792452830189,NA,NA
"230","T.Davis","GB","TE",5,0,0,0,0,0,0,0,0,7,4,26,0,0,0,6.6,0.0119250425894378,NA,6.5,NA,NA
"231","A.Lazard","GB","WR",15,0,0,0,0,0,2,0,0,100,60,788,6,0,0,174.8,0.170357751277683,0,13.1333333333333,NA,NA
"232","A.Rodgers","GB","WR",4,0,0,0,0,0,0,0,0,8,4,50,0,0,0,9,0.0136286201022147,NA,12.5,NA,NA
"233","C.Watson","GB","WR",14,0,0,0,0,0,7,80,2,66,41,611,7,0,0,164.1,0.112436115843271,11.4285714285714,14.9024390243902,NA,NA
"234","J.Winfree","GB","WR",3,0,0,0,0,0,0,0,0,4,1,17,0,0,0,2.7,0.00681431005110733,NA,17,NA,NA
"235","R.Cobb","GB","WR",13,0,0,0,0,0,0,0,0,50,34,417,1,0,0,81.7,0.0851788756388416,NA,12.2647058823529,NA,NA
"236","R.Doubs","GB","WR",13,0,0,0,0,0,1,11,0,67,42,425,3,0,0,101.6,0.114139693356048,11,10.1190476190476,NA,NA
"237","S.Toure","GB","WR",4,0,0,0,0,0,0,0,0,10,5,82,1,0,0,19.2,0.0170357751277683,NA,16.4,NA,NA
"238","S.Watkins","GB","WR",7,0,0,0,0,0,0,0,0,22,13,206,0,0,0,33.6,0.0374787052810903,NA,15.8461538461538,NA,NA
"239","T.Hairston","HOU","FB",7,0,0,0,0,0,0,0,0,8,5,19,0,0,0,6.9,0.0142095914742451,NA,3.8,NA,NA
"240","D.Mills","HOU","QB",15,479,292,3118,17,15,32,108,2,0,0,0,0,3,1,181.52,0,3.375,NA,0.609603340292276,0.0354906054279749
"241","J.Driskel","HOU","QB",7,20,14,108,1,0,20,75,0,1,1,4,0,0,0,17.22,0.00177619893428064,3.75,4,0.7,0.05
"242","K.Allen","HOU","QB",2,78,46,416,2,4,6,13,0,0,0,0,0,1,0,15.94,0,2.16666666666667,NA,0.58974358974359,0.0256410256410256
"243","D.Ogunbowale","HOU","RB",11,0,0,0,0,0,42,123,1,26,20,104,0,0,0,48.7,0.0461811722912966,2.92857142857143,5.2,NA,NA
"244","D.Pierce","HOU","RB",13,0,0,0,0,0,220,939,4,39,30,165,1,2,0,166.4,0.0692717584369449,4.26818181818182,5.5,NA,NA
"245","E.Benjamin","HOU","RB",1,0,0,0,0,0,3,1,0,0,0,0,0,0,0,0.1,0,0.333333333333333,NA,NA,NA
"246","R.Burkhead","HOU","RB",15,1,0,0,0,0,26,80,0,51,37,204,1,0,0,71.4,0.0905861456483126,3.07692307692308,5.51351351351351,0,0
"247","R.Freeman","HOU","RB",4,0,0,0,0,0,41,117,0,8,6,33,0,1,0,19,0.0142095914742451,2.85365853658537,5.5,NA,NA
"248","B.Jordan","HOU","TE",9,0,0,0,0,0,0,0,0,28,14,128,0,0,0,26.8,0.0497335701598579,NA,9.14285714285714,NA,NA
"249","J.Akins","HOU","TE",15,0,0,0,0,0,0,0,0,54,37,495,5,0,0,116.5,0.0959147424511545,NA,13.3783783783784,NA,NA
"250","M.Schreck","HOU","TE",2,0,0,0,0,0,0,0,0,2,2,6,0,0,0,2.6,0.00355239786856128,NA,3,NA,NA
"251","O.Howard","HOU","TE",11,0,0,0,0,0,0,0,0,23,10,145,2,0,0,36.5,0.0408525754884547,NA,14.5,NA,NA
"252","P.Brown","HOU","TE",3,0,0,0,0,0,0,0,0,10,7,72,0,0,0,14.2,0.0177619893428064,NA,10.2857142857143,NA,NA
"253","T.Quitoriano","HOU","TE",7,0,0,0,0,0,0,0,0,14,7,113,2,0,0,30.3,0.024866785079929,NA,16.1428571428571,NA,NA
"254","A.Rodgers","HOU","WR",5,0,0,0,0,0,2,7,0,17,12,154,1,0,0,34.1,0.0301953818827709,3.5,12.8333333333333,NA,NA
"255","B.Cooks","HOU","WR",13,0,0,0,0,0,2,7,0,93,57,699,3,0,0,145.6,0.165186500888099,3.5,12.2631578947368,NA,NA
"256","C.Conley","HOU","WR",1,0,0,0,0,0,0,0,0,2,0,0,0,0,0,0,0.00355239786856128,NA,NA,NA,NA
"257","C.Moore","HOU","WR",15,0,0,0,0,0,3,3,0,74,48,548,2,0,0,115.1,0.131438721136767,1,11.4166666666667,NA,NA
"258","J.Camp","HOU","WR",1,0,0,0,0,0,0,0,0,1,1,7,0,0,0,1.7,0.00177619893428064,NA,7,NA,NA
"259","N.Collins","HOU","WR",10,0,0,0,0,0,0,0,0,66,37,481,2,0,0,97.1,0.117229129662522,NA,13,NA,NA
"260","P.Dorsett","HOU","WR",14,1,0,0,0,0,0,0,0,40,20,257,1,0,0,51.7,0.0710479573712256,NA,12.85,0,0
"261","T.Johnson","HOU","WR",1,0,0,0,0,0,0,0,0,1,1,8,0,0,0,1.8,0.00177619893428064,NA,8,NA,NA
"262","M.Ryan","IND","QB",12,461,309,3057,14,13,27,70,1,0,0,0,0,5,0,155.28,0,2.59259259259259,NA,0.670281995661605,0.0303687635574837
"263","N.Foles","IND","QB",2,42,25,224,0,4,2,8,0,0,0,0,0,0,0,1.76,0,4,NA,0.595238095238095,0
"264","S.Ehlinger","IND","QB",4,101,64,573,3,3,17,87,0,0,0,0,0,1,0,35.62,0,5.11764705882353,NA,0.633663366336634,0.0297029702970297
"265","D.Jackson","IND","RB",12,0,0,0,0,0,68,236,1,34,30,209,1,1,0,84.5,0.0587219343696028,3.47058823529412,6.96666666666667,NA,NA
"266","J.Taylor","IND","RB",11,0,0,0,0,0,192,861,4,40,28,143,0,3,0,146.4,0.0690846286701209,4.484375,5.10714285714286,NA,NA
"267","J.Wilkins","IND","RB",4,0,0,0,0,0,13,58,0,8,6,29,0,0,0,14.7,0.0138169257340242,4.46153846153846,4.83333333333333,NA,NA
"268","N.Hines","IND","RB",7,0,0,0,0,0,18,36,1,28,25,188,0,0,0,53.4,0.0483592400690846,2,7.52,NA,NA
"269","P.Lindsay","IND","RB",3,0,0,0,0,0,15,49,0,8,6,19,0,0,1,14.8,0.0138169257340242,3.26666666666667,3.16666666666667,NA,NA
"270","Z.Moss","IND","RB",8,0,0,0,0,0,76,365,1,5,4,12,0,0,0,47.7,0.00863557858376511,4.80263157894737,3,NA,NA
"271","J.Woods","IND","TE",12,0,0,0,0,0,0,0,0,40,25,312,3,0,0,74.2,0.0690846286701209,NA,12.48,NA,NA
"272","K.Granson","IND","TE",13,0,0,0,0,0,1,0,0,40,31,302,0,0,0,61.2,0.0690846286701209,0,9.74193548387097,NA,NA
"273","M.Alie-Cox","IND","TE",14,0,0,0,0,0,0,0,0,28,19,189,3,0,0,53.9,0.0483592400690846,NA,9.94736842105263,NA,NA
"274","A.Dulin","IND","WR",7,0,0,0,0,0,2,8,0,22,15,207,1,0,0,42.5,0.0379965457685665,4,13.8,NA,NA
"275","A.Pierce","IND","WR",16,0,0,0,0,0,0,0,0,78,41,593,2,0,0,112.3,0.134715025906736,NA,14.4634146341463,NA,NA
"276","D.Patmon","IND","WR",1,0,0,0,0,0,0,0,0,6,2,24,0,0,0,4.4,0.0103626943005181,NA,12,NA,NA
"277","K.Coutee","IND","WR",1,0,0,0,0,0,0,0,0,1,1,20,0,0,0,1,0.00172711571675302,NA,20,NA,NA
"278","M.Pittman","IND","WR",16,0,0,0,0,0,3,30,0,141,99,925,4,0,0,216.5,0.243523316062176,10,9.34343434343434,NA,NA
"279","M.Strachan","IND","WR",5,0,0,0,0,0,0,0,0,9,3,59,0,0,0,8.9,0.0155440414507772,NA,19.6666666666667,NA,NA
"280","P.Campbell","IND","WR",17,0,0,0,0,0,5,58,0,91,63,623,3,0,0,149.1,0.157167530224525,11.6,9.88888888888889,NA,NA
"281","C.Beathard","JAX","QB",4,11,7,35,0,1,4,-4,0,0,0,0,0,0,0,-1,0,-1,NA,0.636363636363636,0
"282","T.Lawrence","JAX","QB",17,584,387,4113,25,8,62,291,5,0,0,0,0,9,3,295.62,0,4.69354838709677,NA,0.662671232876712,0.0428082191780822
"283","J.Hasty","JAX","RB",14,0,0,0,0,0,46,194,2,26,20,126,1,0,0,70,0.043046357615894,4.21739130434783,6.3,NA,NA
"284","J.Robinson","JAX","RB",7,0,0,0,0,0,81,340,3,11,9,46,1,0,0,71.6,0.0182119205298013,4.19753086419753,5.11111111111111,NA,NA
"285","S.Conner","JAX","RB",5,0,0,0,0,0,12,42,1,0,0,0,0,0,0,10.2,0,3.5,NA,NA,NA
"286","T.Etienne","JAX","RB",17,0,0,0,0,0,220,1125,5,45,35,316,0,3,1,203.1,0.0745033112582782,5.11363636363636,9.02857142857143,NA,NA
"287","C.Manhertz","JAX","TE",6,0,0,0,0,0,0,0,0,8,6,42,0,0,0,10.2,0.0132450331125828,NA,7,NA,NA
"288","D.Arnold","JAX","TE",10,0,0,0,0,0,0,0,0,13,9,135,0,0,0,22.5,0.021523178807947,NA,15,NA,NA
"289","E.Engram","JAX","TE",17,0,0,0,0,0,2,13,0,98,73,766,4,0,0,176.9,0.162251655629139,6.5,10.4931506849315,NA,NA
"290","L.Farrell","JAX","TE",4,0,0,0,0,0,0,0,0,4,4,40,0,0,0,8,0.00662251655629139,NA,10,NA,NA
"291","C.Kirk","JAX","WR",17,1,0,0,0,0,5,11,0,133,84,1108,8,0,0,243.9,0.220198675496689,2.2,13.1904761904762,0,0
"292","J.Agnew","JAX","WR",14,0,0,0,0,0,12,86,0,30,23,187,3,0,0,70.3,0.0496688741721854,7.16666666666667,8.1304347826087,NA,NA
"293","M.Jones","JAX","WR",16,0,0,0,0,0,0,0,0,81,46,529,3,0,0,116.9,0.134105960264901,NA,11.5,NA,NA
"294","T.Jones","JAX","WR",4,0,0,0,0,0,0,0,0,4,3,30,0,0,0,6,0.00662251655629139,NA,10,NA,NA
"295","Z.Jones","JAX","WR",16,0,0,0,0,0,4,18,0,121,82,823,5,0,0,198.1,0.200331125827815,4.5,10.0365853658537,NA,NA
"296","M.Burton","KC","FB",6,0,0,0,0,0,5,7,0,3,2,11,0,0,0,3.8,0.00503355704697987,1.4,5.5,NA,NA
"297","C.Henne","KC","QB",2,2,0,0,0,0,5,-5,0,0,0,0,0,0,0,-0.5,0,-1,NA,0,0
"298","P.Mahomes","KC","QB",17,648,435,5250,41,12,61,358,4,1,1,6,0,0,3,417.4,0.00167785234899329,5.86885245901639,6,0.671296296296296,0.0632716049382716
"299","C.Edwards-Helaire","KC","RB",10,0,0,0,0,0,71,302,3,23,17,151,3,0,0,98.3,0.0385906040268456,4.25352112676056,8.88235294117647,NA,NA
"300","I.Pacheco","KC","RB",17,0,0,0,0,0,170,830,5,14,13,130,0,2,0,135,0.023489932885906,4.88235294117647,10,NA,NA
"301","J.McKinnon","KC","RB",17,0,0,0,0,0,72,291,1,71,56,512,9,0,0,196.3,0.119127516778523,4.04166666666667,9.14285714285714,NA,NA
"302","R.Jones","KC","RB",5,0,0,0,0,0,17,70,1,1,1,22,0,0,0,16.2,0.00167785234899329,4.11764705882353,22,NA,NA
"303","B.Bell","KC","TE",2,0,0,0,0,0,0,0,0,2,2,20,1,0,0,10,0.00335570469798658,NA,10,NA,NA
"304","J.Fortson","KC","TE",9,0,0,0,0,0,0,0,0,13,9,108,2,0,0,31.8,0.0218120805369128,NA,12,NA,NA
"305","N.Gray","KC","TE",17,0,0,0,0,0,1,1,1,34,28,299,1,0,0,70,0.0570469798657718,1,10.6785714285714,NA,NA
"306","T.Kelce","KC","TE",17,0,0,0,0,0,2,5,0,152,110,1338,12,0,0,316.3,0.25503355704698,2.5,12.1636363636364,NA,NA
"307","J.Smith-Schuster","KC","WR",16,0,0,0,0,0,0,0,0,101,78,933,3,0,0,185.3,0.169463087248322,NA,11.9615384615385,NA,NA
"308","J.Watson","KC","WR",17,0,0,0,0,0,0,0,0,34,15,315,2,0,0,58.5,0.0570469798657718,NA,21,NA,NA
"309","K.Toney","KC","WR",7,0,0,0,0,0,5,59,1,17,14,171,2,0,0,55,0.0285234899328859,11.8,12.2142857142857,NA,NA
"310","M.Hardman","KC","WR",8,0,0,0,0,0,4,31,2,34,25,297,4,0,0,93.8,0.0570469798657718,7.75,11.88,NA,NA
"311","M.Valdes-Scantling","KC","WR",17,0,0,0,0,0,1,-3,0,81,42,687,2,0,0,122.4,0.135906040268456,-3,16.3571428571429,NA,NA
"312","S.Moore","KC","WR",14,0,0,0,0,0,3,24,0,33,22,250,0,0,0,49.4,0.0553691275167785,8,11.3636363636364,NA,NA
"313","C.Daniel","LAC","QB",3,12,8,52,1,0,1,4,0,0,0,0,0,0,1,8.48,0,4,NA,0.666666666666667,0.0833333333333333
"314","J.Herbert","LAC","QB",17,699,477,4739,25,10,54,147,0,2,2,-10,0,3,1,281.26,0.00307692307692308,2.72222222222222,-5,0.682403433476395,0.0357653791130186
"315","A.Ekeler","LAC","RB",17,0,0,0,0,0,204,915,13,127,107,722,5,2,0,372.7,0.195384615384615,4.48529411764706,6.74766355140187,NA,NA
"316","I.Spiller","LAC","RB",5,0,0,0,0,0,18,41,0,3,3,13,0,0,0,8.4,0.00461538461538462,2.27777777777778,4.33333333333333,NA,NA
"317","J.Kelley","LAC","RB",12,0,0,0,0,0,69,287,2,25,14,101,0,0,0,64.8,0.0384615384615385,4.15942028985507,7.21428571428571,NA,NA
"318","L.Rountree","LAC","RB",2,0,0,0,0,0,13,19,0,2,2,14,0,0,0,5.3,0.00307692307692308,1.46153846153846,7,NA,NA
"319","S.Michel","LAC","RB",10,0,0,0,0,0,36,106,0,13,9,53,0,0,0,24.9,0.02,2.94444444444444,5.88888888888889,NA,NA
"320","Z.Horvath","LAC","RB",8,0,0,0,0,0,4,8,0,8,5,8,2,0,0,18.6,0.0123076923076923,2,1.6,NA,NA
"321","D.Parham","LAC","TE",6,0,0,0,0,0,0,0,0,12,10,130,1,0,0,29,0.0184615384615385,NA,13,NA,NA
"322","G.Everett","LAC","TE",15,0,0,0,0,0,1,0,0,87,58,555,4,0,0,139.5,0.133846153846154,0,9.56896551724138,NA,NA
"323","R.Rodgers","LAC","TE",3,0,0,0,0,0,0,0,0,4,1,4,0,0,0,1.4,0.00615384615384615,NA,4,NA,NA
"324","S.Smartt","LAC","TE",3,0,0,0,0,0,0,0,0,5,4,17,0,0,0,5.7,0.00769230769230769,NA,4.25,NA,NA
"325","T.McKitty","LAC","TE",8,0,0,0,0,0,0,0,0,18,10,72,0,0,0,17.2,0.0276923076923077,NA,7.2,NA,NA
"326","D.Carter","LAC","WR",16,0,0,0,0,0,2,-15,0,65,46,538,3,0,0,114.3,0.1,-7.5,11.695652173913,NA,NA
"327","J.Guyton","LAC","WR",2,0,0,0,0,0,0,0,0,4,2,64,0,0,0,8.4,0.00615384615384615,NA,32,NA,NA
"328","J.Moore","LAC","WR",1,0,0,0,0,0,0,0,0,2,1,5,0,0,0,1.5,0.00307692307692308,NA,5,NA,NA
"329","J.Palmer","LAC","WR",16,0,0,0,0,0,1,4,0,107,72,769,3,0,0,169.3,0.164615384615385,4,10.6805555555556,NA,NA
"330","K.Allen","LAC","WR",10,0,0,0,0,0,1,8,0,89,66,752,4,0,0,164,0.136923076923077,8,11.3939393939394,NA,NA
"331","M.Bandy","LAC","WR",7,0,0,0,0,0,0,0,0,21,10,89,0,0,0,18.9,0.0323076923076923,NA,8.9,NA,NA
"332","M.Williams","LAC","WR",13,0,0,0,0,0,0,0,0,93,63,895,4,0,0,176.5,0.143076923076923,NA,14.2063492063492,NA,NA
"333","B.Mayfield","LAR","QB",5,129,82,850,4,2,15,37,0,0,0,0,0,1,0,47.7,0,2.46666666666667,NA,0.635658914728682,0.0310077519379845
"334","B.Perkins","LAR","QB",5,34,19,161,1,2,19,90,0,0,0,0,0,0,0,15.44,0,4.73684210526316,NA,0.558823529411765,0.0294117647058824
"335","J.Wolford","LAR","QB",2,62,38,390,1,3,8,32,0,0,0,0,0,1,0,14.8,0,4,NA,0.612903225806452,0.0161290322580645
"336","M.Stafford","LAR","QB",9,303,206,2087,10,8,13,9,1,0,0,0,0,3,0,108.38,0,0.692307692307692,NA,0.67986798679868,0.033003300330033
"337","C.Akers","LAR","RB",15,0,0,0,0,0,188,786,7,18,13,117,0,2,0,141.3,0.0253164556962025,4.18085106382979,9,NA,NA
"338","D.Henderson","LAR","RB",10,0,0,0,0,0,70,283,3,22,17,102,0,0,0,73.5,0.0309423347398031,4.04285714285714,6,NA,NA
"339","K.Williams","LAR","RB",8,0,0,0,0,0,35,139,0,12,9,76,0,0,0,30.5,0.0168776371308017,3.97142857142857,8.44444444444444,NA,NA
"340","M.Brown","LAR","RB",7,0,0,0,0,0,18,81,1,6,5,37,0,0,0,22.8,0.00843881856540084,4.5,7.4,NA,NA
"341","R.Rivers","LAR","RB",2,0,0,0,0,0,9,21,0,5,5,29,0,0,0,10,0.0070323488045007,2.33333333333333,5.8,NA,NA
"342","B.Hopkins","LAR","TE",7,0,0,0,0,0,0,0,0,11,7,109,0,0,0,17.9,0.0154711673699015,NA,15.5714285714286,NA,NA
"343","K.Blanton","LAR","TE",2,0,0,0,0,0,0,0,0,2,2,35,0,0,0,5.5,0.00281293952180028,NA,17.5,NA,NA
"344","T.Higbee","LAR","TE",16,0,0,0,0,0,0,0,0,108,72,620,3,0,0,152,0.151898734177215,NA,8.61111111111111,NA,NA
"345","A.Robinson","LAR","WR",10,0,0,0,0,0,0,0,0,52,33,339,3,0,0,84.9,0.0731364275668073,NA,10.2727272727273,NA,NA
"346","A.Trammell","LAR","WR",2,0,0,0,0,0,0,0,0,4,2,13,0,0,0,3.3,0.00562587904360056,NA,6.5,NA,NA
"347","B.Powell","LAR","WR",16,0,0,0,0,0,17,80,0,32,24,156,0,0,0,47.6,0.0450070323488045,4.70588235294118,6.5,NA,NA
"348","B.Skowronek","LAR","WR",14,0,0,0,0,0,1,17,1,61,39,376,0,0,0,84.3,0.0857946554149086,17,9.64102564102564,NA,NA
"349","C.Kupp","LAR","WR",9,1,0,0,0,0,9,52,1,98,75,812,6,0,0,201.4,0.137834036568214,5.77777777777778,10.8266666666667,0,0
"350","J.Harris","LAR","WR",1,0,0,0,0,0,0,0,0,1,1,6,0,0,0,1.6,0.00140646976090014,NA,6,NA,NA
"351","L.McCutcheon","LAR","WR",2,0,0,0,0,0,0,0,0,5,0,0,0,0,0,0,0.0070323488045007,NA,NA,NA,NA
"352","T.Atwell","LAR","WR",12,0,0,0,0,0,9,34,1,35,18,298,1,0,0,63.2,0.0492264416315049,3.77777777777778,16.5555555555556,NA,NA
"353","V.Jefferson","LAR","WR",10,0,0,0,0,0,0,0,0,44,24,369,3,0,0,78.9,0.0618846694796062,NA,15.375,NA,NA
"354","J.Johnson","LV","FB",6,0,0,0,0,0,0,0,0,6,5,10,0,0,0,6,0.0113421550094518,NA,2,NA,NA
"355","D.Carr","LV","QB",15,502,305,3522,24,14,24,102,0,0,0,0,0,0,0,219.08,0,4.25,NA,0.607569721115538,0.047808764940239
"356","J.Stidham","LV","QB",3,83,53,656,4,3,14,84,0,0,0,0,0,1,0,42.64,0,6,NA,0.63855421686747,0.0481927710843374
"357","A.Abdullah","LV","RB",13,0,0,0,0,0,4,20,0,32,25,211,1,0,0,54.1,0.0604914933837429,5,8.44,NA,NA
"358","B.Bolden","LV","RB",8,0,0,0,0,0,17,66,0,9,9,57,1,0,0,27.3,0.0170132325141777,3.88235294117647,6.33333333333333,NA,NA
"359","J.Jacobs","LV","RB",17,0,0,0,0,0,340,1653,12,64,53,400,0,0,0,328.3,0.120982986767486,4.86176470588235,7.54716981132075,NA,NA
"360","Z.White","LV","RB",11,0,0,0,0,0,17,70,0,0,0,0,0,0,0,7,0,4.11764705882353,NA,NA,NA
"361","D.Waller","LV","TE",8,0,0,0,0,0,0,0,0,43,28,388,3,0,0,84.8,0.0812854442344045,NA,13.8571428571429,NA,NA
"362","F.Moreau","LV","TE",14,0,0,0,0,0,0,0,0,54,33,420,2,0,0,87,0.102079395085066,NA,12.7272727272727,NA,NA
"363","J.Horsted","LV","TE",2,0,0,0,0,0,0,0,0,4,3,19,0,0,0,4.9,0.00756143667296786,NA,6.33333333333333,NA,NA
"364","D.Adams","LV","WR",17,0,0,0,0,0,3,-1,0,180,100,1516,14,0,0,335.5,0.340264650283554,-0.333333333333333,15.16,NA,NA
"365","D.Turner","LV","WR",2,0,0,0,0,0,4,26,0,1,0,0,0,0,0,2.6,0.00189035916824197,6.5,NA,NA,NA
"366","H.Renfrow","LV","WR",10,0,0,0,0,0,0,0,0,50,36,330,2,0,0,79,0.0945179584120983,NA,9.16666666666667,NA,NA
"367","K.Cole","LV","WR",9,0,0,0,0,0,0,0,0,21,10,141,1,0,0,30.1,0.0396975425330813,NA,14.1,NA,NA
"368","M.Hollins","LV","WR",17,1,1,4,0,0,4,40,0,94,57,690,4,0,0,154.16,0.177693761814745,10,12.1052631578947,1,0
"369","A.Ingold","MIA","FB",12,0,0,0,0,0,6,8,1,23,15,105,1,0,0,38.3,0.0392491467576792,1.33333333333333,7,NA,NA
"370","S.Thompson","MIA","QB",7,105,60,534,1,3,14,21,0,0,0,0,0,2,0,17.46,0,1.5,NA,0.571428571428571,0.00952380952380952
"371","T.Bridgewater","MIA","QB",5,79,49,683,4,4,3,27,0,0,0,0,0,0,0,38.02,0,9,NA,0.620253164556962,0.0506329113924051
"372","T.Tagovailoa","MIA","QB",13,400,259,3548,25,8,24,70,0,0,0,0,0,1,0,230.92,0,2.91666666666667,NA,0.6475,0.0625
"373","C.Edmonds","MIA","RB",8,0,0,0,0,0,42,120,2,17,10,96,1,0,0,49.6,0.0290102389078498,2.85714285714286,9.6,NA,NA
"374","J.Wilson","MIA","RB",8,0,0,0,0,0,84,392,3,24,12,94,1,0,0,84.6,0.0409556313993174,4.66666666666667,7.83333333333333,NA,NA
"375","M.Gaskin","MIA","RB",2,0,0,0,0,0,10,26,0,6,4,28,0,0,0,9.4,0.0102389078498294,2.6,7,NA,NA
"376","R.Mostert","MIA","RB",16,0,0,0,0,0,181,891,3,42,31,202,2,1,0,168.3,0.0716723549488055,4.92265193370166,6.51612903225806,NA,NA
"377","S.Ahmed","MIA","RB",6,0,0,0,0,0,12,64,1,1,1,8,0,0,0,14.2,0.00170648464163823,5.33333333333333,8,NA,NA
"378","D.Smythe","MIA","TE",12,0,0,0,0,0,2,1,1,20,15,129,1,0,0,40,0.0341296928327645,0.5,8.6,NA,NA
"379","M.Gesicki","MIA","TE",17,0,0,0,0,0,0,0,0,52,32,362,5,0,0,98.2,0.0887372013651877,NA,11.3125,NA,NA
"380","B.Sanders","MIA","WR",2,0,0,0,0,0,0,0,0,3,2,17,0,0,0,1.7,0.00511945392491468,NA,8.5,NA,NA
"381","C.Wilson","MIA","WR",9,0,0,0,0,0,1,8,0,18,12,136,0,0,0,26.4,0.0307167235494881,8,11.3333333333333,NA,NA
"382","E.Ezukanma","MIA","WR",1,0,0,0,0,0,0,0,0,1,1,3,0,0,0,1.3,0.00170648464163823,NA,3,NA,NA
"383","J.Waddle","MIA","WR",17,0,0,0,0,0,3,26,0,117,75,1356,8,0,0,259.2,0.199658703071672,8.66666666666667,18.08,NA,NA
"384","R.Cracraft","MIA","WR",8,0,0,0,0,0,0,0,0,14,9,102,2,0,0,31.2,0.0238907849829352,NA,11.3333333333333,NA,NA
"385","T.Conner","MIA","WR",2,0,0,0,0,0,0,0,0,3,0,0,0,0,0,0,0.00511945392491468,NA,NA,NA,NA
"386","T.Hill","MIA","WR",17,0,0,0,0,0,7,32,1,170,119,1710,7,0,0,341.2,0.290102389078498,4.57142857142857,14.3697478991597,NA,NA
"387","T.Sherfield","MIA","WR",16,0,0,0,0,0,0,0,0,51,30,417,2,0,0,83.7,0.0870307167235495,NA,13.9,NA,NA
"388","C.Ham","MIN","FB",9,0,0,0,0,0,4,7,2,12,10,86,0,0,0,31.3,0.0205479452054795,1.75,8.6,NA,NA
"389","K.Cousins","MIN","QB",17,643,424,4547,29,14,31,97,2,0,0,0,0,3,3,291.58,0,3.12903225806452,NA,0.659409020217729,0.0451010886469673
"390","N.Mullens","MIN","QB",4,25,21,224,1,1,4,8,0,0,0,0,0,0,0,11.76,0,2,NA,0.84,0.04
"391","A.Mattison","MIN","RB",17,0,0,0,0,0,74,283,5,18,15,91,1,0,0,88.4,0.0308219178082192,3.82432432432432,6.06666666666667,NA,NA
"392","D.Cook","MIN","RB",17,0,0,0,0,0,264,1173,8,56,39,295,2,4,0,237.8,0.0958904109589041,4.44318181818182,7.56410256410256,NA,NA
"393","K.Nwangwu","MIN","RB",3,0,0,0,0,0,9,14,0,2,2,21,0,0,0,11.5,0.00342465753424658,1.55555555555556,10.5,NA,NA
"394","T.Chandler","MIN","RB",1,0,0,0,0,0,6,20,0,0,0,0,0,0,0,2,0,3.33333333333333,NA,NA,NA
"395","B.Ellefson","MIN","TE",2,0,0,0,0,0,0,0,0,3,3,26,0,0,0,5.6,0.00513698630136986,NA,8.66666666666667,NA,NA
"396","I.Smith","MIN","TE",8,0,0,0,0,0,0,0,0,36,25,182,2,0,0,55.2,0.0616438356164384,NA,7.28,NA,NA
"397","J.Mundt","MIN","TE",13,0,0,0,0,0,0,0,0,21,19,140,1,0,0,39,0.035958904109589,NA,7.36842105263158,NA,NA
"398","T.Hockenson","MIN","TE",10,0,0,0,0,0,0,0,0,86,60,519,3,0,0,129.9,0.147260273972603,NA,8.65,NA,NA
"399","A.Thielen","MIN","WR",17,0,0,0,0,0,1,4,0,107,70,716,6,0,0,180,0.183219178082192,4,10.2285714285714,NA,NA
"400","J.Jefferson","MIN","WR",17,2,2,34,0,0,4,24,1,184,128,1809,8,0,0,368.66,0.315068493150685,6,14.1328125,1,0
"401","J.Nailor","MIN","WR",5,0,0,0,0,0,0,0,0,13,9,179,1,0,0,32.9,0.0222602739726027,NA,19.8888888888889,NA,NA
"402","J.Reagor","MIN","WR",10,0,0,0,0,0,4,25,0,13,8,104,1,0,0,26.9,0.0222602739726027,6.25,13,NA,NA
"403","K.Osborn","MIN","WR",17,0,0,0,0,0,3,6,0,90,60,650,5,0,0,155.6,0.154109589041096,2,10.8333333333333,NA,NA
"404","B.Hoyer","NE","QB",1,6,5,37,0,0,0,0,0,0,0,0,0,0,0,1.48,0,NA,NA,0.833333333333333,0
"405","B.Zappe","NE","QB",4,92,65,781,5,3,10,0,0,1,1,-6,0,3,0,39.64,0.00149253731343284,0,-6,0.706521739130435,0.0543478260869565
"406","M.Jones","NE","QB",14,442,288,2997,14,11,47,102,1,0,0,0,0,1,1,170.08,0,2.17021276595745,NA,0.65158371040724,0.0316742081447964
"407","D.Harris","NE","RB",11,0,0,0,0,0,106,462,3,23,17,97,0,0,0,90.9,0.0343283582089552,4.35849056603774,5.70588235294118,NA,NA
"408","J.Taylor","NE","RB",1,0,0,0,0,0,10,9,0,1,1,8,0,0,0,2.7,0.00149253731343284,0.9,8,NA,NA
"409","K.Harris","NE","RB",5,0,0,0,0,0,18,52,1,0,0,0,0,0,0,11.2,0,2.88888888888889,NA,NA,NA
"410","P.Strong","NE","RB",4,0,0,0,0,0,10,100,1,7,7,42,0,0,0,27.2,0.0104477611940299,10,6,NA,NA
"411","R.Stevenson","NE","RB",17,0,0,0,0,0,210,1040,5,88,69,421,1,1,0,249.1,0.13134328358209,4.95238095238095,6.10144927536232,NA,NA
"412","H.Henry","NE","TE",16,0,0,0,0,0,0,0,0,59,41,509,2,0,0,103.9,0.0880597014925373,NA,12.4146341463415,NA,NA
"413","J.Smith","NE","TE",12,0,0,0,0,0,1,5,0,38,27,245,0,0,0,52,0.0567164179104478,5,9.07407407407407,NA,NA
"414","D.Parker","NE","WR",12,0,0,0,0,0,0,0,0,47,31,539,3,0,0,102.9,0.0701492537313433,NA,17.3870967741935,NA,NA
"415","J.Meyers","NE","WR",14,0,0,0,0,0,2,9,0,96,67,804,6,0,0,184.3,0.143283582089552,4.5,12,NA,NA
"416","K.Bourne","NE","WR",16,0,0,0,0,0,6,39,0,48,35,434,1,0,0,88.3,0.0716417910447761,6.5,12.4,NA,NA
"417","L.Humphrey","NE","WR",3,0,0,0,0,0,0,0,0,4,2,20,0,0,0,4,0.00597014925373134,NA,10,NA,NA
"418","N.Agholor","NE","WR",14,0,0,0,0,0,0,0,0,53,31,362,2,0,0,75.2,0.0791044776119403,NA,11.6774193548387,NA,NA
"419","T.Montgomery","NE","WR",1,0,0,0,0,0,2,-2,0,4,3,15,1,0,0,10.3,0.00597014925373134,-1,5,NA,NA
"420","T.Thornton","NE","WR",12,0,0,0,0,0,3,16,1,45,22,247,2,0,0,66.3,0.0671641791044776,5.33333333333333,11.2272727272727,NA,NA
"421","A.Prentice","NO","FB",5,0,0,0,0,0,4,9,0,3,3,9,0,0,0,4.8,0.00555555555555556,2.25,3,NA,NA
"422","A.Dalton","NO","QB",14,378,252,2871,18,9,30,54,0,0,0,0,0,1,1,174.24,0,1.8,NA,0.666666666666667,0.0476190476190476
"423","J.Winston","NO","QB",3,115,73,858,4,5,5,16,0,0,0,0,0,0,1,43.92,0,3.2,NA,0.634782608695652,0.0347826086956522
"424","A.Kamara","NO","RB",15,0,0,0,0,0,223,897,2,77,57,490,2,2,0,211.7,0.142592592592593,4.02242152466368,8.59649122807017,NA,NA
"425","D.Johnson","NO","RB",4,0,0,0,0,0,12,24,0,4,4,47,0,1,0,9.1,0.00740740740740741,2,11.75,NA,NA
"426","D.Washington","NO","RB",3,0,0,0,0,0,11,38,0,1,1,7,0,0,0,5.5,0.00185185185185185,3.45454545454545,7,NA,NA
"427","E.Benjamin","NO","RB",2,0,0,0,0,0,4,13,0,1,1,9,0,0,0,3.2,0.00185185185185185,3.25,9,NA,NA
"428","J.Howard","NO","RB",1,0,0,0,0,0,1,1,0,0,0,0,0,0,0,0.1,0,1,NA,NA,NA
"429","L.Murray","NO","RB",1,0,0,0,0,0,11,57,1,1,1,8,0,0,0,13.5,0.00185185185185185,5.18181818181818,8,NA,NA
"430","M.Ingram","NO","RB",10,0,0,0,0,0,62,233,1,18,16,68,0,1,1,50.1,0.0333333333333333,3.75806451612903,4.25,NA,NA
"431","T.Jones","NO","RB",1,0,0,0,0,0,2,8,0,2,2,12,0,0,0,4,0.0037037037037037,4,6,NA,NA
"432","A.Trautman","NO","TE",12,0,0,0,0,0,0,0,0,22,18,207,1,0,0,44.7,0.0407407407407407,NA,11.5,NA,NA
"433","J.Johnson","NO","TE",16,0,0,0,0,0,0,0,0,65,42,508,7,0,0,134.8,0.12037037037037,NA,12.0952380952381,NA,NA
"434","N.Vannett","NO","TE",2,0,0,0,0,0,0,0,0,2,2,13,0,0,0,3.3,0.0037037037037037,NA,6.5,NA,NA
"435","T.Hill","NO","TE",16,19,13,240,2,0,96,575,7,13,9,77,2,0,0,145.8,0.0240740740740741,5.98958333333333,8.55555555555556,0.684210526315789,0.105263157894737
"436","C.Olave","NO","WR",15,0,0,0,0,0,0,0,0,119,72,1042,4,0,0,198.2,0.22037037037037,NA,14.4722222222222,NA,NA
"437","D.Harty","NO","WR",2,0,0,0,0,0,0,0,0,2,2,13,0,0,0,3.3,0.0037037037037037,NA,6.5,NA,NA
"438","J.Landry","NO","WR",9,0,0,0,0,0,0,0,0,39,25,272,1,0,0,60.2,0.0722222222222222,NA,10.88,NA,NA
"439","K.Kirkwood","NO","WR",3,0,0,0,0,0,0,0,0,4,2,18,0,0,0,3.8,0.00740740740740741,NA,9,NA,NA
"440","K.White","NO","WR",4,0,0,0,0,0,0,0,0,5,2,74,0,0,0,9.4,0.00925925925925926,NA,37,NA,NA
"441","M.Callaway","NO","WR",10,0,0,0,0,0,0,0,0,32,16,158,1,0,0,37.8,0.0592592592592593,NA,9.875,NA,NA
"442","M.Thomas","NO","WR",3,0,0,0,0,0,0,0,0,22,16,171,3,0,0,51.1,0.0407407407407407,NA,10.6875,NA,NA
"443","R.Shaheed","NO","WR",11,0,0,0,0,0,4,57,1,34,28,488,2,0,0,100.5,0.062962962962963,14.25,17.4285714285714,NA,NA
"444","T.Smith","NO","WR",9,0,0,0,0,0,0,0,0,27,19,278,1,0,0,52.8,0.05,NA,14.6315789473684,NA,NA
"445","D.Jones","NYG","QB",16,472,317,3205,15,5,120,708,7,0,0,0,0,3,2,289,0,5.9,NA,0.671610169491525,0.0317796610169492
"446","D.Webb","NYG","QB",1,40,23,168,1,0,6,41,1,0,0,0,0,0,0,20.82,0,6.83333333333333,NA,0.575,0.025
"447","T.Taylor","NYG","QB",2,8,6,58,1,1,5,70,0,0,0,0,0,1,1,11.32,0,14,NA,0.75,0.125
"448","G.Brightwell","NYG","RB",8,0,0,0,0,0,31,141,1,8,5,39,0,0,0,29,0.015625,4.54838709677419,7.8,NA,NA
"449","M.Breida","NYG","RB",17,0,0,0,0,0,54,220,1,25,20,118,0,0,0,59.8,0.048828125,4.07407407407407,5.9,NA,NA
"450","S.Barkley","NYG","RB",16,0,0,0,0,0,295,1312,10,76,57,338,0,0,0,284,0.1484375,4.44745762711864,5.92982456140351,NA,NA
"451","C.Myarick","NYG","TE",7,0,0,0,0,0,0,0,0,8,7,65,1,0,0,19.5,0.015625,NA,9.28571428571429,NA,NA
"452","D.Bellinger","NYG","TE",11,0,0,0,0,0,1,2,1,35,30,268,2,0,0,75,0.068359375,2,8.93333333333333,NA,NA
"453","L.Cager","NYG","TE",5,0,0,0,0,0,0,0,0,18,13,118,1,0,0,30.8,0.03515625,NA,9.07692307692308,NA,NA
"454","N.Vannett","NYG","TE",3,0,0,0,0,0,0,0,0,7,4,42,0,0,0,8.2,0.013671875,NA,10.5,NA,NA
"455","T.Hudson","NYG","TE",6,0,0,0,0,0,0,0,0,15,10,132,0,0,0,23.2,0.029296875,NA,13.2,NA,NA
"456","D.Sills","NYG","WR",7,0,0,0,0,0,0,0,0,17,11,106,0,0,0,21.6,0.033203125,NA,9.63636363636364,NA,NA
"457","D.Slayton","NYG","WR",13,0,0,0,0,0,0,0,0,71,46,724,2,0,0,128.4,0.138671875,NA,15.7391304347826,NA,NA
"458","I.Hodgins","NYG","WR",8,0,0,0,0,0,0,0,0,42,33,351,4,0,0,92.1,0.08203125,NA,10.6363636363636,NA,NA
"459","K.Golladay","NYG","WR",6,0,0,0,0,0,0,0,0,17,6,81,1,0,0,20.1,0.033203125,NA,13.5,NA,NA
"460","K.Toney","NYG","WR",2,0,0,0,0,0,2,23,0,3,2,0,0,0,0,4.3,0.005859375,11.5,0,NA,NA
"461","M.Johnson","NYG","WR",5,0,0,0,0,0,0,0,0,22,9,99,0,0,0,18.9,0.04296875,NA,11,NA,NA
"462","R.James","NYG","WR",14,0,0,0,0,0,2,6,0,70,57,569,4,0,0,138.5,0.13671875,3,9.98245614035088,NA,NA
"463","S.Shepard","NYG","WR",3,0,0,0,0,0,0,0,0,24,13,154,1,0,0,34.4,0.046875,NA,11.8461538461538,NA,NA
"464","W.Robinson","NYG","WR",6,0,0,0,0,0,2,-1,0,31,23,227,1,0,0,51.6,0.060546875,-0.5,9.8695652173913,NA,NA
"465","C.Streveler","NYJ","QB",1,15,10,90,0,0,9,54,0,0,0,0,0,0,0,9,0,6,NA,0.666666666666667,0
"466","J.Flacco","NYJ","QB",5,191,110,1051,5,3,3,6,0,1,1,-16,0,4,0,48.04,0.00192307692307692,2,-16,0.575916230366492,0.0261780104712042
"467","M.White","NYJ","QB",4,175,103,1192,3,4,6,9,1,0,0,0,0,1,0,56.58,0,1.5,NA,0.588571428571429,0.0171428571428571
"468","Z.Wilson","NYJ","QB",9,242,132,1688,6,7,28,102,1,1,1,2,1,1,0,98.92,0.00192307692307692,3.64285714285714,2,0.545454545454545,0.0247933884297521
"469","B.Hall","NYJ","RB",7,0,0,0,0,0,80,463,4,31,19,218,1,0,0,115.1,0.0596153846153846,5.7875,11.4736842105263,NA,NA
"470","J.Robinson","NYJ","RB",4,0,0,0,0,0,29,85,0,3,2,5,1,0,0,17,0.00576923076923077,2.93103448275862,2.5,NA,NA
"471","M.Carter","NYJ","RB",16,0,0,0,0,0,114,402,3,54,41,288,0,1,0,126,0.103846153846154,3.52631578947368,7.02439024390244,NA,NA
"472","T.Johnson","NYJ","RB",10,0,0,0,0,0,30,160,1,24,12,88,0,0,0,42.8,0.0461538461538462,5.33333333333333,7.33333333333333,NA,NA
"473","Z.Knight","NYJ","RB",7,0,0,0,0,0,85,300,1,14,13,100,0,0,0,59,0.0269230769230769,3.52941176470588,7.69230769230769,NA,NA
"474","C.Uzomah","NYJ","TE",12,0,0,0,0,0,0,0,0,27,21,232,2,0,0,56.2,0.0519230769230769,NA,11.047619047619,NA,NA
"475","J.Ruckert","NYJ","TE",2,0,0,0,0,0,0,0,0,2,1,8,0,0,0,1.8,0.00384615384615385,NA,8,NA,NA
"476","L.Cager","NYJ","TE",1,0,0,0,0,0,0,0,0,1,0,0,0,0,0,0,0.00192307692307692,NA,NA,NA,NA
"477","T.Conklin","NYJ","TE",17,0,0,0,0,0,2,3,0,87,58,552,3,0,0,131.5,0.167307692307692,1.5,9.51724137931035,NA,NA
"478","B.Berrios","NYJ","WR",15,1,1,2,1,0,9,91,2,32,18,145,0,0,0,57.68,0.0615384615384615,10.1111111111111,8.05555555555556,1,1
"479","C.Davis","NYJ","WR",13,0,0,0,0,0,0,0,0,64,32,536,2,0,0,97.6,0.123076923076923,NA,16.75,NA,NA
"480","D.Mims","NYJ","WR",9,0,0,0,0,0,0,0,0,25,11,186,0,0,0,29.6,0.0480769230769231,NA,16.9090909090909,NA,NA
"481","E.Moore","NYJ","WR",14,0,0,0,0,0,5,5,0,65,37,446,1,0,0,88.1,0.125,1,12.0540540540541,NA,NA
"482","G.Wilson","NYJ","WR",17,1,0,0,0,0,4,4,0,146,82,1116,4,0,0,216,0.280769230769231,1,13.609756097561,0,0
"483","J.Smith","NYJ","WR",7,0,0,0,0,0,0,0,0,11,8,134,0,0,0,21.4,0.0211538461538462,NA,16.75,NA,NA
"484","G.Minshew","PHI","QB",5,76,44,663,3,3,7,3,1,0,0,0,0,1,0,36.82,0,0.428571428571429,NA,0.578947368421053,0.0394736842105263
"485","J.Hurts","PHI","QB",15,460,306,3701,22,6,165,760,13,0,0,0,0,2,2,378.04,0,4.60606060606061,NA,0.665217391304348,0.0478260869565217
"486","B.Scott","PHI","RB",13,0,0,0,0,0,54,217,3,6,5,15,0,0,0,46.2,0.0096,4.01851851851852,3,NA,NA
"487","K.Gainwell","PHI","RB",17,0,0,0,0,0,53,240,4,29,23,169,0,0,0,87.9,0.0464,4.52830188679245,7.34782608695652,NA,NA
"488","M.Sanders","PHI","RB",17,0,0,0,0,0,259,1269,11,26,20,78,0,1,0,216.7,0.0416,4.8996138996139,3.9,NA,NA
"489","T.Sermon","PHI","RB",1,0,0,0,0,0,2,19,0,0,0,0,0,0,0,1.9,0,9.5,NA,NA,NA
"490","D.Goedert","PHI","TE",12,0,0,0,0,0,0,0,0,69,55,702,3,0,0,141.2,0.1104,NA,12.7636363636364,NA,NA
"491","G.Calcaterra","PHI","TE",5,0,0,0,0,0,0,0,0,9,5,81,0,0,0,13.1,0.0144,NA,16.2,NA,NA
"492","J.Stoll","PHI","TE",9,0,0,0,0,0,0,0,0,14,11,123,0,0,0,23.3,0.0224,NA,11.1818181818182,NA,NA
"493","N.Togiai","PHI","TE",1,0,0,0,0,0,0,0,0,1,0,0,0,0,0,0,0.0016,NA,NA,NA,NA
"494","A.Brown","PHI","WR",17,0,0,0,0,0,0,0,0,145,88,1496,11,0,0,299.6,0.232,NA,17,NA,NA
"495","D.Smith","PHI","WR",17,0,0,0,0,0,0,0,0,136,95,1196,7,0,0,254.6,0.2176,NA,12.5894736842105,NA,NA
"496","Q.Watkins","PHI","WR",16,0,0,0,0,0,3,1,0,51,33,354,3,0,0,84.5,0.0816,0.333333333333333,10.7272727272727,NA,NA
"497","Z.Pascal","PHI","WR",12,0,0,0,0,0,1,0,0,19,15,150,1,0,0,36,0.0304,0,10,NA,NA
"498","D.Watt","PIT","FB",10,0,0,0,0,0,9,21,1,5,5,11,1,0,0,20.2,0.00932835820895522,2.33333333333333,2.2,NA,NA
"499","K.Pickett","PIT","QB",13,389,245,2404,7,9,55,237,3,0,0,0,0,1,2,149.86,0,4.30909090909091,NA,0.629820051413882,0.0179948586118252
"500","M.Trubisky","PIT","QB",7,180,117,1252,4,5,19,38,2,0,0,0,0,0,1,73.88,0,2,NA,0.65,0.0222222222222222
"501","A.McFarland","PIT","RB",1,0,0,0,0,0,6,30,0,2,2,11,0,0,0,6.1,0.00373134328358209,5,5.5,NA,NA
"502","B.Snell","PIT","RB",3,0,0,0,0,0,20,90,1,2,2,17,0,0,0,18.7,0.00373134328358209,4.5,8.5,NA,NA
"503","J.Warren","PIT","RB",16,0,0,0,0,0,77,379,1,33,28,214,0,0,0,93.3,0.0615671641791045,4.92207792207792,7.64285714285714,NA,NA
"504","N.Harris","PIT","RB",17,1,1,4,0,0,272,1034,7,53,41,229,3,1,0,223.46,0.0988805970149254,3.80147058823529,5.58536585365854,1,0
"505","C.Heyward","PIT","TE",8,0,0,0,0,0,2,27,0,17,12,151,1,0,0,35.8,0.0317164179104478,13.5,12.5833333333333,NA,NA
"506","P.Freiermuth","PIT","TE",15,0,0,0,0,0,0,0,0,98,63,732,2,0,0,148.2,0.182835820895522,NA,11.6190476190476,NA,NA
"507","Z.Gentry","PIT","TE",14,0,0,0,0,0,0,0,0,23,19,132,0,0,0,32.2,0.042910447761194,NA,6.94736842105263,NA,NA
"508","C.Claypool","PIT","WR",8,1,1,1,1,0,8,55,0,50,32,311,1,0,0,78.64,0.0932835820895522,6.875,9.71875,1,1
"509","C.White","PIT","WR",1,0,0,0,0,0,0,0,0,1,1,2,0,0,0,1.2,0.00186567164179104,NA,2,NA,NA
"510","D.Johnson","PIT","WR",17,0,0,0,0,0,7,25,0,147,86,882,0,0,0,180.7,0.274253731343284,3.57142857142857,10.2558139534884,NA,NA
"511","G.Olszewski","PIT","WR",10,0,0,0,0,0,8,39,0,7,5,53,0,0,0,14.2,0.0130597014925373,4.875,10.6,NA,NA
"512","G.Pickens","PIT","WR",17,0,0,0,0,0,3,24,1,84,52,801,4,0,0,166.5,0.156716417910448,8,15.4038461538462,NA,NA
"513","M.Boykin","PIT","WR",3,0,0,0,0,0,0,0,0,3,2,11,0,0,0,3.1,0.00559701492537313,NA,5.5,NA,NA
"514","S.Sims","PIT","WR",11,0,0,0,0,0,13,70,0,23,14,104,0,0,0,31.4,0.042910447761194,5.38461538461539,7.42857142857143,NA,NA
"515","G.Smith","SEA","QB",17,572,399,4282,30,11,68,366,1,0,0,0,0,4,0,303.88,0,5.38235294117647,NA,0.697552447552448,0.0524475524475524
"516","D.Dallas","SEA","RB",11,1,0,0,0,1,35,186,0,19,17,126,0,0,0,46.2,0.0332749562171629,5.31428571428571,7.41176470588235,0,0
"517","G.Igwebuike","SEA","RB",1,0,0,0,0,0,3,4,0,1,1,3,0,0,0,1.7,0.00175131348511384,1.33333333333333,3,NA,NA
"518","K.Walker","SEA","RB",15,0,0,0,0,0,228,1050,9,35,27,165,0,0,0,202.5,0.0612959719789842,4.60526315789474,6.11111111111111,NA,NA
"519","R.Penny","SEA","RB",5,0,0,0,0,0,57,346,2,5,4,16,0,0,0,52.2,0.00875656742556918,6.07017543859649,4,NA,NA
"520","T.Homer","SEA","RB",8,0,0,0,0,0,19,74,0,18,16,157,1,0,0,43.1,0.031523642732049,3.89473684210526,9.8125,NA,NA
"521","T.Jones","SEA","RB",2,0,0,0,0,0,8,16,0,6,3,18,0,0,0,6.4,0.010507880910683,2,6,NA,NA
"522","C.Parkinson","SEA","TE",14,0,0,0,0,0,0,0,0,34,25,322,2,0,0,69.2,0.0595446584938704,NA,12.88,NA,NA
"523","N.Fant","SEA","TE",17,0,0,0,0,0,0,0,0,63,50,486,4,0,0,122.6,0.110332749562172,NA,9.72,NA,NA
"524","T.Mabry","SEA","TE",1,0,0,0,0,0,0,0,0,1,1,7,1,0,0,7.7,0.00175131348511384,NA,7,NA,NA
"525","W.Dissly","SEA","TE",15,0,0,0,0,0,0,0,0,38,34,349,3,0,0,86.9,0.0665499124343257,NA,10.2647058823529,NA,NA
"526","C.Johnson","SEA","WR",2,0,0,0,0,0,0,0,0,4,2,21,0,0,0,4.1,0.00700525394045534,NA,10.5,NA,NA
"527","D.Eskridge","SEA","WR",8,0,0,0,0,0,2,10,0,13,7,58,0,0,0,13.8,0.0227670753064799,5,8.28571428571429,NA,NA
"528","D.Metcalf","SEA","WR",17,0,0,0,0,0,0,0,0,141,90,1048,6,0,0,226.8,0.246935201401051,NA,11.6444444444444,NA,NA
"529","D.Young","SEA","WR",1,0,0,0,0,0,0,0,0,2,2,24,0,0,0,4.4,0.00350262697022767,NA,12,NA,NA
"530","L.Treadwell","SEA","WR",3,0,0,0,0,0,0,0,0,10,6,42,0,0,0,10.2,0.0175131348511384,NA,7,NA,NA
"531","M.Goodwin","SEA","WR",12,0,0,0,0,0,2,5,0,42,27,387,4,0,0,90.2,0.0735551663747811,2.5,14.3333333333333,NA,NA
"532","P.Hart","SEA","WR",3,0,0,0,0,0,0,0,0,4,3,20,0,0,0,5,0.00700525394045534,NA,6.66666666666667,NA,NA
"533","T.Lockett","SEA","WR",16,0,0,0,0,0,0,0,0,117,84,1033,9,0,0,239.3,0.204903677758319,NA,12.297619047619,NA,NA
"534","K.Juszczyk","SF","FB",13,0,0,0,0,0,7,26,1,23,19,200,1,0,0,53.6,0.0401396160558464,3.71428571428571,10.5263157894737,NA,NA
"535","B.Purdy","SF","QB",9,170,114,1374,13,4,22,13,1,0,0,0,0,0,0,106.26,0,0.590909090909091,NA,0.670588235294118,0.0764705882352941
"536","J.Garoppolo","SF","QB",11,308,207,2437,16,4,23,33,2,0,0,0,0,2,0,164.78,0,1.43478260869565,NA,0.672077922077922,0.051948051948052
"537","J.Johnson","SF","QB",1,2,1,10,0,0,2,3,0,0,0,0,0,0,0,0.7,0,1.5,NA,0.5,0
"538","T.Lance","SF","QB",2,31,15,194,0,1,16,67,0,0,0,0,0,0,0,12.46,0,4.1875,NA,0.483870967741935,0
"539","C.McCaffrey","SF","RB",11,1,1,34,1,0,159,746,6,65,52,464,4,0,0,238.36,0.113438045375218,4.69182389937107,8.92307692307692,1,1
"540","E.Mitchell","SF","RB",5,0,0,0,0,0,45,279,2,4,3,7,0,0,0,43.6,0.00698080279232112,6.2,2.33333333333333,NA,NA
"541","J.Mason","SF","RB",8,0,0,0,0,0,43,258,1,0,0,0,0,0,0,31.8,0,6,NA,NA,NA
"542","J.Wilson","SF","RB",8,0,0,0,0,0,92,468,2,13,10,91,0,1,0,73.9,0.0226876090750436,5.08695652173913,9.1,NA,NA
"543","T.Coleman","SF","RB",2,0,0,0,0,0,12,26,1,3,3,44,1,0,0,22,0.00523560209424084,2.16666666666667,14.6666666666667,NA,NA
"544","T.Davis-Price","SF","RB",5,0,0,0,0,0,34,99,0,2,0,0,0,0,0,9.9,0.00349040139616056,2.91176470588235,NA,NA,NA
"545","C.Woerner","SF","TE",2,0,0,0,0,0,0,0,0,2,0,0,0,0,0,0,0.00349040139616056,NA,NA,NA,NA
"546","G.Kittle","SF","TE",15,0,0,0,0,0,0,0,0,86,60,765,11,0,0,200.5,0.150087260034904,NA,12.75,NA,NA
"547","R.Dwelley","SF","TE",4,0,0,0,0,0,0,0,0,5,3,105,1,0,0,19.5,0.0087260034904014,NA,35,NA,NA
"548","T.Kroft","SF","TE",4,0,0,0,0,0,0,0,0,5,4,57,0,0,0,9.7,0.0087260034904014,NA,14.25,NA,NA
"549","B.Aiyuk","SF","WR",17,0,0,0,0,0,2,23,0,114,78,1015,8,0,0,227.8,0.198952879581152,11.5,13.0128205128205,NA,NA
"550","D.Gray","SF","WR",5,0,0,0,0,0,1,9,0,7,1,10,0,0,0,2.9,0.012216404886562,9,10,NA,NA
"551","D.Samuel","SF","WR",13,0,0,0,0,0,42,232,3,94,56,632,2,2,0,168.4,0.164048865619546,5.52380952380952,11.2857142857143,NA,NA
"552","J.Jennings","SF","WR",16,0,0,0,0,0,0,0,0,56,35,416,1,0,0,82.6,0.0977312390924956,NA,11.8857142857143,NA,NA
"553","R.McCloud","SF","WR",14,0,0,0,0,0,4,78,1,25,14,243,1,0,0,58.1,0.043630017452007,19.5,17.3571428571429,NA,NA
"554","B.Gabbert","TB","QB",1,8,6,29,1,0,0,0,0,0,0,0,0,0,0,5.16,0,NA,NA,0.75,0.125
"555","K.Trask","TB","QB",1,9,3,23,0,0,0,0,0,0,0,0,0,0,0,0.92,0,NA,NA,0.333333333333333,0
"556","T.Brady","TB","QB",17,733,490,4694,25,9,29,-1,1,1,0,0,0,4,2,271.66,0.001953125,-0.0344827586206897,NA,0.668485675306958,0.034106412005457
"557","G.Bernard","TB","RB",2,0,0,0,0,0,8,28,0,2,2,-1,0,0,0,4.7,0.00390625,3.5,-0.5,NA,NA
"558","K.Vaughn","TB","RB",5,0,0,0,0,0,17,53,0,4,3,19,0,0,0,10.2,0.0078125,3.11764705882353,6.33333333333333,NA,NA
"559","L.Fournette","TB","RB",16,1,0,0,0,1,189,668,3,83,73,523,3,0,0,226.1,0.162109375,3.53439153439153,7.16438356164384,0,0
"560","R.White","TB","RB",16,0,0,0,0,0,129,481,1,58,50,290,2,1,0,141.1,0.11328125,3.72868217054264,5.8,NA,NA
"561","C.Brate","TB","TE",9,0,0,0,0,0,0,0,0,38,20,174,0,0,0,37.4,0.07421875,NA,8.7,NA,NA
"562","C.Otton","TB","TE",14,0,0,0,0,0,0,0,0,65,42,391,2,0,0,93.1,0.126953125,NA,9.30952380952381,NA,NA
"563","K.Kieft","TB","TE",8,0,0,0,0,0,0,0,0,10,7,80,1,0,0,21,0.01953125,NA,11.4285714285714,NA,NA
"564","K.Rudolph","TB","TE",5,0,0,0,0,0,0,0,0,5,3,28,1,0,0,11.8,0.009765625,NA,9.33333333333333,NA,NA
"565","B.Perriman","TB","WR",8,0,0,0,0,0,2,-7,0,19,9,110,1,0,0,23.3,0.037109375,-3.5,12.2222222222222,NA,NA
"566","C.Beasley","TB","WR",2,0,0,0,0,0,0,0,0,5,4,17,0,0,0,5.7,0.009765625,NA,4.25,NA,NA
"567","C.Godwin","TB","WR",15,0,0,0,0,0,3,5,0,142,104,1023,3,0,0,222.8,0.27734375,1.66666666666667,9.83653846153846,NA,NA
"568","D.Thompkins","TB","WR",2,0,0,0,0,0,2,26,0,10,5,32,0,0,0,10.8,0.01953125,13,6.4,NA,NA
"569","J.Darden","TB","WR",3,0,0,0,0,0,1,2,0,2,2,26,0,0,0,4.8,0.00390625,2,13,NA,NA
"570","J.Jones","TB","WR",10,0,0,0,0,0,5,45,0,43,24,299,2,0,0,70.4,0.083984375,9,12.4583333333333,NA,NA
"571","M.Evans","TB","WR",15,0,0,0,0,0,0,0,0,127,77,1124,6,0,0,225.4,0.248046875,NA,14.5974025974026,NA,NA
"572","R.Gage","TB","WR",13,0,0,0,0,0,0,0,0,70,51,426,5,0,0,123.6,0.13671875,NA,8.35294117647059,NA,NA
"573","S.Miller","TB","WR",11,0,0,0,0,0,1,8,0,40,23,185,0,0,0,42.3,0.078125,8,8.04347826086956,NA,NA
"574","J.Dobbs","TEN","QB",2,68,40,411,2,2,8,44,0,0,0,0,0,2,0,20.84,0,5.5,NA,0.588235294117647,0.0294117647058824
"575","M.Willis","TEN","QB",7,61,31,276,0,3,27,123,1,0,0,0,0,2,0,19.34,0,4.55555555555556,NA,0.508196721311475,0
"576","R.Tannehill","TEN","QB",12,325,212,2536,14,6,34,98,2,0,0,0,0,2,1,165.24,0,2.88235294117647,NA,0.652307692307692,0.0430769230769231
"577","D.Henry","TEN","RB",16,2,2,4,1,0,349,1538,13,41,33,398,0,2,0,302.76,0.0545938748335553,4.40687679083095,12.0606060606061,1,0.5
"578","D.Hilliard","TEN","RB",11,0,0,0,0,0,22,145,0,26,21,177,4,0,0,77.2,0.0346205059920107,6.59090909090909,8.42857142857143,NA,NA
"579","H.Haskins","TEN","RB",7,0,0,0,0,0,25,93,0,12,11,57,0,0,0,26,0.0159786950732357,3.72,5.18181818181818,NA,NA
"580","J.Chestnut","TEN","RB",3,0,0,0,0,0,9,12,0,3,3,41,0,0,0,8.3,0.00399467376830892,1.33333333333333,13.6666666666667,NA,NA
"581","J.Ward","TEN","RB",2,0,0,0,0,0,5,25,0,3,2,7,0,0,0,5.2,0.00399467376830892,5,3.5,NA,NA
"582","A.Hooper","TEN","TE",17,0,0,0,0,0,0,0,0,60,41,444,2,0,0,97.4,0.0798934753661784,NA,10.8292682926829,NA,NA
"583","C.Okonkwo","TEN","TE",15,0,0,0,0,0,3,2,0,46,32,450,3,0,0,97.2,0.0612516644474035,0.666666666666667,14.0625,NA,NA
"584","G.Swaim","TEN","TE",11,0,0,0,0,0,0,0,0,16,12,58,1,0,0,23.8,0.0213049267643142,NA,4.83333333333333,NA,NA
"585","C.Board","TEN","WR",1,0,0,0,0,0,0,0,0,1,1,6,0,0,0,1.6,0.00133155792276964,NA,6,NA,NA
"586","C.Conley","TEN","WR",3,0,0,0,0,0,0,0,0,5,4,46,0,0,0,8.6,0.0066577896138482,NA,11.5,NA,NA
"587","C.Hollister","TEN","WR",4,0,0,0,0,0,0,0,0,5,3,54,0,0,0,8.4,0.0066577896138482,NA,18,NA,NA
"588","J.Gordon","TEN","WR",1,0,0,0,0,0,0,0,0,1,0,0,0,0,0,0,0.00133155792276964,NA,NA,NA,NA
"589","K.Philips","TEN","WR",4,0,0,0,0,0,0,0,0,13,8,78,0,0,0,15.8,0.0173102529960053,NA,9.75,NA,NA
"590","M.Kinsey","TEN","WR",1,0,0,0,0,0,0,0,0,1,1,3,0,0,0,1.3,0.00133155792276964,NA,3,NA,NA
"591","N.Westbrook-Ikhine","TEN","WR",15,0,0,0,0,0,0,0,0,50,25,397,3,0,0,82.7,0.066577896138482,NA,15.88,NA,NA
"592","R.McMath","TEN","WR",4,0,0,0,0,0,1,4,0,8,2,40,0,0,0,6.4,0.0106524633821571,4,20,NA,NA
"593","R.Woods","TEN","WR",17,0,0,0,0,0,0,0,0,91,53,527,2,0,0,117.7,0.121171770972037,NA,9.94339622641509,NA,NA
"594","T.Burks","TEN","WR",11,0,0,0,0,0,4,47,0,54,33,444,1,0,0,88.1,0.0719041278295606,11.75,13.4545454545455,NA,NA
"595","C.Wentz","WAS","QB",8,276,172,1755,11,9,22,86,1,0,0,0,0,1,2,112.8,0,3.90909090909091,NA,0.623188405797101,0.0398550724637681
"596","S.Howell","WAS","QB",1,19,11,169,1,1,5,35,1,0,0,0,0,0,0,18.26,0,7,NA,0.578947368421053,0.0526315789473684
"597","T.Heinicke","WAS","QB",9,259,161,1859,12,6,28,96,1,0,0,0,0,5,0,115.96,0,3.42857142857143,NA,0.621621621621622,0.0463320463320463
"598","A.Gibson","WAS","RB",15,0,0,0,0,0,149,546,3,58,46,353,2,0,0,165.9,0.12719298245614,3.66442953020134,7.67391304347826,NA,NA
"599","B.Robinson","WAS","RB",12,0,0,0,0,0,205,797,2,12,9,60,1,0,0,112.7,0.0263157894736842,3.88780487804878,6.66666666666667,NA,NA
"600","J.McKissic","WAS","RB",8,0,0,0,0,0,22,95,0,40,27,173,0,0,0,55.8,0.087719298245614,4.31818181818182,6.40740740740741,NA,NA
"601","J.Patterson","WAS","RB",1,0,0,0,0,0,17,78,0,1,0,0,0,0,0,7.8,0.00219298245614035,4.58823529411765,NA,NA,NA
"602","J.Williams","WAS","RB",7,0,0,0,0,0,37,152,0,10,7,40,0,0,0,26.2,0.0219298245614035,4.10810810810811,5.71428571428571,NA,NA
"603","R.Bonnafon","WAS","RB",1,0,0,0,0,0,3,8,0,0,0,0,0,0,0,0.8,0,2.66666666666667,NA,NA,NA
"604","A.Rogers","WAS","TE",5,0,0,0,0,0,2,26,0,6,5,64,0,0,0,14,0.0131578947368421,13,12.8,NA,NA
"605","C.Turner","WAS","TE",5,0,0,0,0,0,0,0,0,9,2,23,0,0,0,4.3,0.0197368421052632,NA,11.5,NA,NA
"606","J.Bates","WAS","TE",9,0,0,0,0,0,0,0,0,22,14,108,1,0,0,30.8,0.0482456140350877,NA,7.71428571428571,NA,NA
"607","L.Thomas","WAS","TE",13,0,0,0,0,0,0,0,0,61,39,323,1,0,0,77.3,0.133771929824561,NA,8.28205128205128,NA,NA
"608","C.Samuel","WAS","WR",17,0,0,0,0,0,38,187,1,92,64,656,4,1,0,176.3,0.201754385964912,4.92105263157895,10.25,NA,NA
"609","C.Sims","WAS","WR",12,0,0,0,0,0,0,0,0,18,8,89,0,0,0,16.9,0.0394736842105263,NA,11.125,NA,NA
"610","D.Brown","WAS","WR",7,0,0,0,0,0,1,15,0,14,5,143,2,0,0,32.8,0.0307017543859649,15,28.6,NA,NA
"611","D.Milne","WAS","WR",7,0,0,0,0,0,0,0,0,7,6,37,1,0,0,15.7,0.0153508771929825,NA,6.16666666666667,NA,NA
"612","J.Dotson","WAS","WR",12,0,0,0,0,0,2,-7,0,61,35,523,7,0,0,130.6,0.133771929824561,-3.5,14.9428571428571,NA,NA
"613","T.McLaurin","WAS","WR",17,0,0,0,0,0,7,29,0,120,77,1191,5,0,0,229,0.263157894736842,4.14285714285714,15.4675324675325,NA,NA
